gene,pval
ofav0,0.145420741462875
ofav100107,0.770569181466189
ofav100419,-0.24461571456119
ofav10118,-4.63741061104882
ofav10155,-0.0340175231209539
ofav10158,-1.15754097777292
ofav10162,0.234088788484639
ofav10189,-0.163386760769723
ofav10192,0.033809947212731
ofav10250,0.0723736313634002
ofav10269,-3.90540886130096
ofav102747,-1.88705341715152
ofav102762,-1.63239364233191
ofav103158,-2.19739112915992
ofav10329,2.4442672400732
ofav103724,-1.04491807750153
ofav10412,-0.770524614199485
ofav104350,-1.37677625029483
ofav104780,1.09133027287382
ofav105218,0.0786357496081834
ofav10540,1.93199168335777
ofav105414,-5.64142006118794
ofav105721,0.184209823351177
ofav10638,1.6290841781034
ofav10647,0.899290439334346
ofav10649,0.76179945284174
ofav10695,1.56136388813064
ofav10712,-0.258515767075851
ofav107566,-3.61948329156251
ofav10775,1.59109009354613
ofav10799,0.0230540271398835
ofav108025,-2.58165943074229
ofav10825,0.508798863738179
ofav108254,-1.12074554756364
ofav10849,1.63874874972265
ofav10872,1.4640747538597
ofav10991,0.800835917807811
ofav10992,-0.110209940077296
ofav109943,-1.53637581238582
ofav10996,1.0368863251129
ofav10997,0.787979047498756
ofav11005,-0.164805988649691
ofav11012,0.683326672588502
ofav11020,0.520028036525438
ofav11035,-1.05695062982717
ofav110350,-1.23671079565805
ofav11051,0.294628512380926
ofav11071,1.65107405419243
ofav11085,0.0608137688977514
ofav11092,0.55734126274017
ofav11147,0.134957216311356
ofav11195,-1.14228688195362
ofav11246,1.24191360077621
ofav11269,3.00194682453982
ofav113804,2.05923759542719
ofav115313,-0.0872187199869067
ofav11560,-8.54086999473414
ofav11578,0.328508660206235
ofav115984,-2.48341300298918
ofav11681,-0.989775834171581
ofav11706,-1.8410718631587
ofav117574,-1.55426232153272
ofav117652,0.567387393882819
ofav11820,0.186775665391908
ofav11891,-2.44547030608161
ofav11895,0.87920035082529
ofav11948,0.672029158592939
ofav11980,0.358473654491342
ofav12017,1.03536079280371
ofav120351,-0.492507386180104
ofav12054,1.48046451401655
ofav12059,0.335338127146664
ofav120697,-3.42703986657842
ofav121742,-2.69003230434049
ofav122,-1.19007695830321
ofav12215,-1.83603376287435
ofav12354,0.873336587048289
ofav12359,0.324997947933813
ofav123684,0.298700635717066
ofav12375,-0.707571735289555
ofav123963,0.652322217046719
ofav124290,0.386290347153158
ofav12437,-4.07568302553082
ofav12446,0.0155601413491259
ofav12487,0.477830785607562
ofav12508,-1.9931036868519
ofav12525,-0.912413588025694
ofav12559,0.252973792620651
ofav12597,-0.286231995807769
ofav12657,0.315058447775126
ofav12663,0.838540232658695
ofav126754,0.334999537937633
ofav12714,1.39187236495753
ofav12748,0.602746703155159
ofav127766,-2.60759350299151
ofav12802,2.08736065183958
ofav12831,-0.635923816141255
ofav128730,-1.61107976986973
ofav12916,0.98456566372627
ofav12956,-0.293622227664662
ofav12983,2.03966879595345
ofav12987,-0.147291720201692
ofav12997,-0.732443553140358
ofav130039,-2.00699001240398
ofav13029,0.805245187579617
ofav130459,-0.355957705716246
ofav13200,-1.65979686345661
ofav13206,0.780394343792873
ofav13223,-0.490438953554179
ofav13255,-0.482029182824287
ofav13271,-4.68372489674408
ofav13287,0.338403883718226
ofav13328,-0.393323018036333
ofav13345,-0.564406772075851
ofav133579,-0.308871320630406
ofav13549,-0.349712446297781
ofav13581,0.458268644116023
ofav13648,-0.00661780312464159
ofav13697,-2.74274442127196
ofav13714,-6.50392716362173
ofav13721,-1.45347380422231
ofav14005,1.45568152655134
ofav140141,-1.09268951470841
ofav14196,-3.63199618983972
ofav14217,1.66585256092253
ofav14297,-0.222144331903872
ofav142972,-1.94178449789314
ofav144027,-1.27124561736994
ofav14530,-0.884649019467328
ofav145888,-3.6009316932998
ofav14648,-0.44009312552669
ofav147971,-3.45983914258336
ofav148223,1.55452898561436
ofav15359,-3.09436815711768
ofav15409,-1.54427338654718
ofav154969,-1.97375485236816
ofav154981,-0.822555024365932
ofav15499,-0.303804139705436
ofav155629,-1.40545690783075
ofav15571,0.974033679544328
ofav15581,1.0257476499734
ofav15602,-3.00718439491799
ofav15640,-0.211231929032556
ofav15642,-1.01430302580167
ofav15728,-2.38441204745362
ofav15740,1.02404462725166
ofav15748,-0.672334764495238
ofav15901,-3.08960187616671
ofav16302,-4.17786956763809
ofav16682,0.727629733813082
ofav16768,-2.63749617042075
ofav16893,-1.80589202774878
ofav16984,-0.878427868452672
ofav17107,0.113060153080414
ofav17121,-0.0622197972642364
ofav17131,-2.07030160383574
ofav17140,1.05166243369458
ofav17514,-1.91789703656401
ofav17645,-0.955752285338309
ofav17710,-2.58814458115217
ofav17814,-0.129298739071218
ofav18107,-0.962832858197793
ofav18185,-0.0152836067968555
ofav18332,0.210346414561458
ofav18512,-0.278780691697906
ofav1858,0.927563442627414
ofav18713,0.524462667692299
ofav18885,-2.46741244562429
ofav18926,2.32562488570698
ofav18980,-0.0929806482216965
ofav19324,0.398523453992991
ofav19474,-2.36986352718144
ofav19492,-3.17601688610916
ofav19651,-1.17231682599884
ofav19680,-2.12138131437499
ofav19682,-1.547439070355
ofav19737,-3.00979991338486
ofav19793,-1.87684387240151
ofav19863,0.171409961080285
ofav19908,3.52831737290292
ofav1998,0.777120693902053
ofav20434,-0.383801755156378
ofav20506,-0.16111882556545
ofav20563,0.523821300804436
ofav20622,-0.54970445798447
ofav20769,-1.26938009697651
ofav20794,-0.836376318000382
ofav20933,-0.979789191817849
ofav21015,-4.32757590230834
ofav21067,0.00596188015507787
ofav21104,-2.56134755891695
ofav21154,-1.83986353922647
ofav21171,0.586675424144761
ofav21338,0.251385798457697
ofav21363,-4.15172159568185
ofav21485,1.41784515512137
ofav21880,-1.96744142638649
ofav22463,-1.05037946848358
ofav22542,-4.08384296511497
ofav22553,-1.81172086051936
ofav22626,0.145499719014068
ofav22676,-4.15771036628202
ofav22713,-1.04703269548348
ofav22811,-0.021131830131674
ofav22884,2.34562595401419
ofav22955,-2.44304123384489
ofav22967,0.278095198675692
ofav22969,0.0486926169068869
ofav23058,-0.691511030872226
ofav23134,-0.79380897708052
ofav23149,0.6080848741526
ofav23195,0.502875634886498
ofav23294,-1.04073929141991
ofav23428,-3.62624133451113
ofav23450,1.31380989654396
ofav23513,-3.59386276797549
ofav23572,0.522352816467568
ofav23576,0.688788153809613
ofav23583,1.18411783362401
ofav23585,1.31768028212943
ofav23606,1.20682342870125
ofav23663,-0.332695491793093
ofav23673,0.432152275724052
ofav23797,0.335286551536852
ofav23836,-2.36673333345059
ofav23843,-0.237104075244131
ofav23891,1.51569748295823
ofav24056,-3.71971319114818
ofav24084,0.806180434155221
ofav24246,-0.412196854942469
ofav24271,-0.917016376598369
ofav24274,1.93766312142956
ofav24277,-0.382555715203487
ofav24317,1.87302918031813
ofav24377,3.87035167582694
ofav24384,1.56483749889571
ofav24407,2.92976992026056
ofav24421,-6.23673027934529
ofav24430,0.708739309609247
ofav24431,1.14111278680775
ofav24432,0.386954753419349
ofav24441,-1.7483523336981
ofav24444,0.107164750457571
ofav24454,0.381850865799506
ofav24456,-1.35507603602288
ofav24462,-3.2813716039588
ofav24467,-1.69811582985646
ofav24479,0.83531395244394
ofav24484,0.4745161910137
ofav24514,0.201959035133995
ofav24516,3.27979075727516
ofav24525,0.6457260008816
ofav24532,0.426300601210742
ofav24535,-3.82483055856794
ofav24537,2.61503920228913
ofav24605,2.49712102759002
ofav24620,-3.25736955181613
ofav24645,-0.961110930915465
ofav24682,1.76252954403756
ofav24721,0.567316573064078
ofav24738,0.935440942056362
ofav24786,-0.45139949707141
ofav24820,-0.548219506322211
ofav24832,-1.29473201274004
ofav24835,-1.52414963729861
ofav24866,0.557662226229562
ofav24902,-1.18187957530269
ofav24953,-1.42374736733706
ofav25006,-0.132983914054504
ofav25090,3.36413388600218
ofav25141,0.757591552458418
ofav25167,-2.50596637947231
ofav25256,-0.0105037639077075
ofav25309,-0.00717463243183387
ofav25361,0.364330185406754
ofav25391,0.367776254323038
ofav25432,1.33504105635267
ofav25458,1.84981971127542
ofav25536,0.587272153946432
ofav25566,0.552577033125635
ofav25572,3.42865470743681
ofav25583,1.02709342368333
ofav25613,3.26018060943097
ofav25648,1.62505175970133
ofav25665,-3.68673109425038
ofav25764,2.05301856090424
ofav25891,-0.442497368969173
ofav25927,1.89083161622815
ofav25965,1.18676041231657
ofav26039,2.11176011487072
ofav26066,-0.650899178149641
ofav26076,-0.208685513233512
ofav26078,0.686596675930726
ofav26092,1.42531261405036
ofav26207,2.18085308886326
ofav26225,0.972011965691479
ofav26249,2.83822773756475
ofav26334,-0.0603756561259143
ofav26338,-3.12896004108342
ofav26387,0.0779476223151426
ofav26392,0.148868358196957
ofav26433,0.129124191574999
ofav26475,-2.8922516571889
ofav26515,-0.151470138147748
ofav26532,-0.0811980319770041
ofav26537,-0.783823098227927
ofav26593,-0.0278686160731755
ofav26601,2.52560835803066
ofav26604,1.76041842873187
ofav26628,-1.46104072831451
ofav26652,-2.98726356484379
ofav26677,0.0832315343398907
ofav26684,-1.36394342110407
ofav26685,-0.993806851553407
ofav26779,0.891815738644757
ofav26815,0.782235437841406
ofav26839,-3.27573411860419
ofav26849,0.00904667609820326
ofav26865,-0.28933880155576
ofav26890,-2.22295499528369
ofav26897,1.05915834797157
ofav27072,2.0695050137536
ofav27076,2.34682207049574
ofav27185,1.54104293526163
ofav27209,-1.34419812240019
ofav27224,0.0829877020613951
ofav27389,-1.96630014405268
ofav27398,-0.0467023954443073
ofav27471,0.674879755297441
ofav27483,-0.946558305424417
ofav27491,-1.0737346168906
ofav27492,4.30584681815045
ofav27524,-1.42037462485052
ofav27600,-0.51055526003894
ofav27624,-0.878569500631865
ofav27693,-1.00125815667234
ofav27705,3.9834231710394
ofav27814,-0.556550117550987
ofav27861,-1.37425462157909
ofav27984,-2.43133660941696
ofav27988,-0.0488655319252498
ofav28014,-0.346285464160483
ofav28112,-1.68563460886403
ofav28118,-0.777151565795462
ofav28160,-0.298728592078983
ofav28222,-0.118313267109795
ofav28273,0.0267139214809639
ofav28390,-0.822636351640023
ofav28423,2.33481081706151
ofav28442,-0.337426296939184
ofav28490,2.88344218062441
ofav28502,3.3611001938199
ofav28548,-0.270534120850585
ofav28558,-1.43584055337454
ofav28561,-0.563429133790247
ofav28564,-0.0554129026049705
ofav28657,-0.498112250136711
ofav28824,-1.9891162182845
ofav28834,0.464032365839381
ofav28842,-3.47135697097026
ofav28944,-0.0343673473472559
ofav28949,-0.207486595231726
ofav28950,1.38602494472188
ofav29021,0.252768273886421
ofav29032,0.749424330334375
ofav29034,0.258671998285679
ofav29153,0.429308972953355
ofav29270,-0.225544916304305
ofav29377,0.860383792787825
ofav29380,-2.38365449806539
ofav29414,-0.179680929541875
ofav29538,-3.99735378721166
ofav29580,-0.224429491591075
ofav29606,-0.157812716977053
ofav29633,-2.70917799746228
ofav29678,-0.362154965046423
ofav29693,0.0184069777621742
ofav29719,0.6027379347617
ofav29720,-2.74450546730743
ofav29743,0.204563092160077
ofav29779,0.11550705017186
ofav29846,-0.927649829960386
ofav29870,0.522546058627093
ofav29871,1.99443275931066
ofav29874,1.12240670058761
ofav29937,-1.1644464630319
ofav29951,-4.21057506111881
ofav29953,4.1986350860233
ofav30067,0.030156575002267
ofav30114,-2.03511710466126
ofav30179,-1.19464906277864
ofav30204,-0.72315780289021
ofav30212,-2.96209438601185
ofav30279,2.56943237421494
ofav30302,-0.213681255937416
ofav30321,-0.515588309004162
ofav30329,-0.26703634186972
ofav30453,0.872693213970066
ofav30466,-0.0358380942496337
ofav30467,1.75779782550717
ofav30519,0.0891033054975273
ofav30529,-0.153162635784406
ofav30531,0.795397079177431
ofav30615,2.13389202046157
ofav30638,-1.50113095812146
ofav3064,-1.25713327366905
ofav30653,0.47939128667396
ofav30677,0.676585687590618
ofav30752,-1.34307251915968
ofav30754,-0.704770820308299
ofav30766,1.11629359297722
ofav30787,-2.0865105625147
ofav30834,-0.030089770945147
ofav30840,0.331744170665714
ofav30861,0.192307774765638
ofav30877,-0.132206965257231
ofav30898,-3.00562061240925
ofav30902,-0.0120343857866457
ofav3096,-0.381833195155686
ofav30985,1.70572802556857
ofav31088,1.03868622356951
ofav31103,-2.3546936763781
ofav31105,-0.401179306746555
ofav31186,-0.369885111373013
ofav31211,0.638677438209538
ofav31279,-1.16242699595567
ofav31324,0.209251438141106
ofav31345,-0.0892329499793352
ofav31411,-1.2547972323739
ofav31414,0.305745696820476
ofav31439,0.640296563104763
ofav31533,-1.52555413983351
ofav31563,2.83170541429852
ofav31581,-1.70005501761156
ofav31593,2.84830091841427
ofav31596,0.195768861067554
ofav31600,-1.02275014354136
ofav31635,0.108392807012788
ofav31646,0.0202970620287862
ofav31647,-1.27801826061703
ofav31679,-1.17815766392069
ofav31686,0.0156928011232317
ofav31734,0.350530693442286
ofav31739,0.0886384945953738
ofav31746,-2.95865386794399
ofav31750,-1.04548494656189
ofav31773,-0.87468786705789
ofav31782,0.468534007471573
ofav31787,-0.079578696879261
ofav31789,0.895715178125603
ofav31802,-8.74661917741061
ofav31811,1.02727945962679
ofav31837,-1.78952732034668
ofav31843,-1.74089333168869
ofav31855,0.790557359187414
ofav31919,-1.65243927079284
ofav31925,-0.422693869483154
ofav31933,1.96904213311453
ofav31946,-0.288653229521387
ofav31968,1.76594506532098
ofav31986,0.283963014589033
ofav31991,2.26094827966141
ofav32012,2.05567500284672
ofav32020,-0.742237234248825
ofav32028,0.222792839928467
ofav32048,-1.0490702356604
ofav32049,-0.118121445545019
ofav32066,0.992259709635684
ofav32110,-1.76115641773588
ofav32146,-1.06956731983102
ofav32166,-2.65532130991569
ofav32174,2.67251268924818
ofav32180,1.61466708069738
ofav32181,-5.25350678675325
ofav32190,2.4359173694829
ofav32250,-0.406495393297504
ofav32261,-0.571901733297532
ofav32264,-0.212182308589356
ofav32274,-0.721032950070153
ofav32294,0.467006360378366
ofav32295,-0.404720021324512
ofav32319,-1.0875615837349
ofav32324,-4.36548395072484
ofav32339,-2.07190355441469
ofav32356,0.587774522321375
ofav32404,-3.72687456123914
ofav32417,1.31225835444258
ofav32424,-0.0950455061119088
ofav32429,-0.42740247125525
ofav32433,-0.40924574573321
ofav32434,3.95492776698698
ofav32480,1.08944738619774
ofav32487,-1.14131304916573
ofav32490,0.552219559700561
ofav32496,-0.585680764168698
ofav32498,-0.562864505551891
ofav32533,0.691055680974785
ofav32539,3.04894871763111
ofav32550,-1.79242354202877
ofav32551,0.320762691650872
ofav32552,0.695185604275005
ofav32602,-0.504262943339375
ofav32626,3.1068595599028
ofav32705,0.14566226905502
ofav32709,-3.7735884503289
ofav32736,0.911084151079459
ofav32791,-5.60095441372535
ofav32811,-2.28698499264987
ofav32853,-1.81993413438841
ofav32857,0.88499151476331
ofav32890,3.01130444997467
ofav32900,1.65130365106835
ofav32918,0.569789482681381
ofav32943,-1.08640565387669
ofav32966,-2.17615359799949
ofav32968,-0.166898964634744
ofav32975,-0.242893564341781
ofav32977,-5.04918684928226
ofav32987,-1.30104116215355
ofav33054,0.0810594059257946
ofav33068,0.878486039788681
ofav33074,2.19610425390958
ofav33123,1.56006676829109
ofav33144,0.909173482643612
ofav33162,-0.881825200539971
ofav33206,3.12720499019145
ofav33227,-1.11474831719915
ofav33238,1.37373605735772
ofav33280,-0.920287423142394
ofav33286,1.04500816536785
ofav33306,1.49335634772893
ofav33350,0.467032621827445
ofav33383,0.898715546657603
ofav33384,-2.93977717127689
ofav33386,-2.28104048223739
ofav33388,-0.041786465698342
ofav33410,-3.17608958562613
ofav33434,-0.193020846023997
ofav33486,1.27846312234996
ofav33497,0.547363191721911
ofav33510,3.05743475905587
ofav33555,-0.699675424587392
ofav33589,-2.10931950222717
ofav33622,0.234021567217629
ofav33638,0.802007236399093
ofav33745,1.59572392692858
ofav33750,-0.474251239039799
ofav33764,-2.72032572091884
ofav33791,0.580801157299772
ofav33874,-0.00479038441268314
ofav33882,0.722800415157513
ofav33909,-1.34900883621406
ofav33949,-1.10494676435556
ofav34026,1.09071487731459
ofav34048,-3.28274645628931
ofav34091,0.100938087304627
ofav34092,1.952933957834
ofav34125,-0.26288309598734
ofav34144,-0.0133286219751071
ofav34156,-7.73276252314352
ofav34178,-0.308640468082744
ofav34189,-0.200805088820162
ofav34234,-0.187921748528666
ofav34253,0.268716813110995
ofav34254,-0.145225316347516
ofav34259,-0.744742043408597
ofav34269,-0.718964966242587
ofav34274,-2.8419319706439
ofav34290,0.249919002117825
ofav34348,0.1459425440639
ofav34385,-1.14097811332976
ofav34387,-0.6212294546327
ofav34388,1.71100135243147
ofav34395,-0.744278331984322
ofav34440,-0.644326945873112
ofav34448,-2.08071611991599
ofav34451,-1.59329820883785
ofav34456,0.208351729863185
ofav34463,0.627199407773853
ofav34477,-0.0567827834298626
ofav34502,1.8574397257361
ofav34541,-1.66472498798416
ofav34543,1.08229102611333
ofav34558,0.641055120692046
ofav34559,-1.01587972177523
ofav34578,0.460067686211116
ofav34590,0.529439035956686
ofav34611,0.971354895808828
ofav34627,0.235619222170776
ofav34633,1.52040503976254
ofav34645,-0.940635310494575
ofav34650,-4.06439594959808
ofav34677,-5.27012881310793
ofav34678,-0.281830675178871
ofav34686,-0.257079221101931
ofav34713,0.0265026674833001
ofav34786,-1.05655076036505
ofav34807,0.968383563237259
ofav34827,-1.63516595127205
ofav34835,-10.2513926618944
ofav34868,0.598214401400224
ofav34906,-0.563214690497387
ofav34925,-0.0879068289984986
ofav34928,0.275037529849834
ofav34958,-0.154144085270765
ofav35009,-1.27288918474018
ofav35023,1.04404328972547
ofav35032,0.450368331180074
ofav35034,-0.375124171263061
ofav35048,-0.344750207004939
ofav35067,1.71104134574114
ofav35069,0.922717677555876
ofav35101,0.59473314666085
ofav35127,2.3419576362266
ofav35142,2.21167953846131
ofav35174,0.0490842847727332
ofav35243,0.745842132703095
ofav35276,0.40956531693995
ofav35289,-2.64773945649667
ofav35297,-2.34287085563529
ofav35302,0.501025033504113
ofav35309,-0.678757366707921
ofav35317,-2.22008246527128
ofav35333,0.267106307017446
ofav35368,-4.03063846274644
ofav35388,1.43910323196419
ofav35407,0.630290577359682
ofav35408,0.307954086673825
ofav35414,-1.26826143000977
ofav35429,1.01952230626551
ofav35460,0.127573101460446
ofav35476,-2.42735484489537
ofav35494,1.96683129350289
ofav35508,-0.254391691049776
ofav35546,-1.02945014944044
ofav35547,0.032733325950958
ofav35566,1.11130751101179
ofav35602,-0.76601212876413
ofav35610,-0.696094339997082
ofav35623,0.0404113444731045
ofav35635,2.02094411481819
ofav35659,-2.76998048411063
ofav35665,-5.19827925916747
ofav35677,1.99981031466045
ofav35724,-4.84832696196956
ofav35725,-0.243145072138065
ofav35745,-1.19503931481133
ofav35810,-0.987408515605317
ofav35816,0.336691035451301
ofav35830,-0.33843650605646
ofav35868,1.43386423931606
ofav35877,-0.796633528892473
ofav35886,-1.37679718303652
ofav35910,1.58501501803553
ofav35922,-0.199642832243221
ofav35927,-0.715788309673539
ofav35940,-3.24915183051451
ofav35972,0.266019454006184
ofav35973,-0.159596967295032
ofav35985,-0.214433249556843
ofav36016,-0.0633006757242406
ofav36017,-2.65005293461352
ofav36044,0.414411072922662
ofav36089,0.38375736023848
ofav36097,2.71499730885678
ofav36106,0.51561103771803
ofav36138,0.60261735911935
ofav36153,-1.60614525450034
ofav36165,-0.229392079765245
ofav36178,-0.123847195737356
ofav36196,0.611513891239315
ofav36206,-1.71116015727552
ofav36215,1.25130050948478
ofav36248,-1.32582640838933
ofav36249,1.35691203411863
ofav36253,-2.89564263820289
ofav36278,0.147742212470964
ofav36287,-4.35091231494049
ofav36290,1.51716863891133
ofav36331,1.09792850903025
ofav36346,-0.0644693050649916
ofav36349,-0.0704293489515756
ofav36367,0.422138006710815
ofav36374,-0.208185932925464
ofav36377,-0.545188644941504
ofav36396,-0.472507917721285
ofav36401,0.52952324633122
ofav36404,-0.236930353657621
ofav36411,1.02505749832408
ofav36431,-1.13541500986112
ofav36435,1.5958202250807
ofav36449,0.889196728921045
ofav36460,0.219338556863256
ofav36465,-0.555169006101672
ofav36487,-1.93683648776796
ofav36489,1.96584258474256
ofav36502,0.185152056036236
ofav36503,1.77507177996357
ofav36512,0.580473460003995
ofav36524,-0.132577032576982
ofav36534,-4.59802964166468
ofav36545,0.150535187806761
ofav36548,0.51761083997115
ofav36563,-1.37485807168524
ofav36566,-2.90042806957451
ofav36583,-0.0663369117850476
ofav36584,1.17356744854464
ofav36601,-1.04775085327067
ofav36640,-0.772457110608939
ofav36664,0.730414150131022
ofav36668,2.51258022839431
ofav36679,-3.16149200183843
ofav36688,2.0358285016731
ofav36699,0.215685827434175
ofav36705,0.564797715714332
ofav36706,0.35678798755269
ofav36725,1.39722447528932
ofav36743,0.415718530780583
ofav36755,-0.33742850687615
ofav36759,0.645412148582943
ofav36769,1.01364526232839
ofav36781,0.083943208112087
ofav36788,-1.85731233461053
ofav36790,-1.38246943141212
ofav36813,1.43941239644145
ofav36825,-0.597647798742681
ofav36833,-0.4205746036989
ofav36834,-2.23995652012101
ofav36842,1.71981615548375
ofav36843,-0.796937554288099
ofav36861,-2.31446869898776
ofav36887,-3.00481004356955
ofav36888,-0.327875191880654
ofav36892,0.460547587875786
ofav36894,-0.97803392910147
ofav36897,-6.24882035385377
ofav36912,1.34296581483698
ofav36914,0.389270604010336
ofav36925,-1.21830146338823
ofav36929,0.860880963273293
ofav36931,-8.01231070928907
ofav36940,-5.99367441079557
ofav36945,-0.494080263159914
ofav36950,-0.0672158624744324
ofav36978,-0.795704034407383
ofav37011,-1.1998243024833
ofav37019,-1.66936868253093
ofav37026,0.343803529285876
ofav37036,0.671742642057234
ofav37037,-0.325814539013347
ofav37053,0.791407683838786
ofav37062,9.28714003090095
ofav37088,-1.41567086707443
ofav37107,1.18724814676228
ofav37110,-0.728832797201467
ofav37111,0.97250383126646
ofav37119,-1.46757447353677
ofav37150,0.609094450886615
ofav37161,0.0748718271413497
ofav37205,1.08011728556254
ofav37214,-0.359058141320733
ofav37219,0.022303511289948
ofav37255,-0.766834088236409
ofav37256,1.58244713164945
ofav37262,0.865764003135092
ofav37269,-0.789740176562377
ofav37280,-1.60843339119266
ofav37290,-0.810781927919786
ofav37293,-2.99794088463264
ofav37294,-7.11802131105382
ofav37299,2.22209105544817
ofav37300,-0.0761046321261424
ofav37310,-1.32517725460041
ofav37315,0.932015191481804
ofav37318,1.33499655129935
ofav37326,1.66215823783289
ofav37329,0.629892857765168
ofav37341,2.10485132897986
ofav37348,-3.3062816185905
ofav37356,-4.68982614499707
ofav37366,0.502191805415942
ofav37381,-0.487803723372954
ofav37383,-0.413466017581432
ofav37387,0.176793833275947
ofav37388,0.887505942538762
ofav37390,1.36192411311059
ofav37396,-0.649587450031123
ofav37451,-0.724433361635585
ofav37452,2.33624775184966
ofav37453,0.825001642656205
ofav37477,-0.434071351179799
ofav37478,0.124296589845441
ofav37510,0.00626055586431912
ofav37517,0.154026735902612
ofav37519,-1.13566029248958
ofav37545,0.445461997265815
ofav37553,-1.79934010698396
ofav37583,-0.662660181132021
ofav37592,-2.95770169362514
ofav37609,-4.90134991661803
ofav37616,2.33822592845778
ofav37651,0.633866700767702
ofav37669,1.29488353685058
ofav37676,-0.976699208028046
ofav37680,-1.04572153731268
ofav37740,-0.531235759211186
ofav37755,-1.25435438954196
ofav37766,1.43773032227584
ofav37778,1.68722500871506
ofav37781,-2.4268709347307
ofav37801,0.0190167050837225
ofav37803,3.5522913349974
ofav37806,-3.80466934735454
ofav37823,0.872539187368633
ofav37828,0.487020382710842
ofav37843,-0.755184702800367
ofav37859,0.886335798380813
ofav37865,-3.06053969189852
ofav37879,-0.423330778888942
ofav37889,0.872390612077701
ofav37899,0.857664265475419
ofav37907,-0.872198550365167
ofav37922,-0.97181518740186
ofav37940,-6.33556087187786
ofav37945,-4.35060835898819
ofav37950,0.426363341614865
ofav37964,1.78957978065381
ofav37990,1.35351821030309
ofav37994,1.12844315656925
ofav37997,1.85239584481543
ofav38003,1.63115695716865
ofav38007,-0.556473753271826
ofav38019,-0.678294764760875
ofav38024,-3.64893075620141
ofav38028,1.94869406369283
ofav38031,0.00746273418063296
ofav38081,-2.50221995963202
ofav38089,0.716382913747421
ofav38095,1.22799119352824
ofav38096,-0.0733685986515561
ofav38115,2.26499290468222
ofav38130,-0.221040449080772
ofav38141,-1.7752070480799
ofav38143,0.72320524707099
ofav38150,-1.01381254177158
ofav38156,1.91616157643392
ofav38165,-5.89723684865671
ofav38171,-0.974896262724434
ofav38175,-2.04452598769005
ofav38184,0.909892788717489
ofav38197,0.100095293718475
ofav38198,0.1738173920168
ofav38199,-0.773248708816852
ofav38245,0.757349043188422
ofav38253,0.620274672447091
ofav38258,-0.795782903277667
ofav38259,0.342894091310271
ofav38268,-1.70767234800612
ofav38270,0.106595781714794
ofav38279,-0.730463460894269
ofav38281,-0.134094076338944
ofav38295,-0.174515191794094
ofav38299,-1.83221781574291
ofav38302,-0.0217797524994618
ofav38303,0.827115790822487
ofav38320,1.19325624166289
ofav38328,-1.2641954551572
ofav38346,-2.24432108227945
ofav38366,0.76003601909058
ofav38370,0.658731715645533
ofav38373,-0.520010869865482
ofav38394,0.641705001624746
ofav38402,0.557979658208088
ofav38412,0.293767797282828
ofav38422,0.370530054021496
ofav38430,0.678634774778119
ofav38442,-0.855390678395362
ofav38470,1.71907485016511
ofav38474,-2.63951586990641
ofav38497,1.50222444202151
ofav38500,0.181332743193539
ofav38511,2.54146911011358
ofav38539,-0.954692459616648
ofav38540,-1.02062932723459
ofav38549,-0.0914975935037344
ofav38566,-4.39553246590575
ofav38569,0.852643734897431
ofav38570,-1.08823395229466
ofav38572,1.28048568691236
ofav38574,1.77580811117304
ofav38601,-3.35873486832253
ofav38603,-1.58709463264521
ofav38607,2.17151056001079
ofav38615,-0.119599582422373
ofav38616,2.1174256463986
ofav38617,-1.26040047132054
ofav38618,2.49686199298893
ofav38620,0.0520650467108274
ofav38623,0.0296275711680582
ofav38629,-1.2688262043546
ofav38633,-1.88413176822014
ofav38656,0.440429498442109
ofav38662,0.048332231202919
ofav38687,2.52436476609347
ofav38693,0.567356649666872
ofav38695,-0.361189392798518
ofav38697,0.0772926905297387
ofav38701,0.220229968789995
ofav38705,-1.2827118108458
ofav38708,-2.31717083168162
ofav38711,1.00131621874004
ofav38715,-3.83337524415391
ofav38730,-0.0769095642143594
ofav38743,1.97142214747305
ofav38752,-2.1122119341479
ofav38766,-0.973669897048253
ofav38787,1.13741191117597
ofav38788,2.25884480483486
ofav38792,0.756635565513641
ofav38793,-1.87966226842044
ofav38796,-0.896351371015629
ofav38798,-3.62539972580676
ofav38801,2.10424737797234
ofav38803,1.090371871177
ofav38804,0.00169312237399459
ofav38855,-3.14061057668218
ofav38861,0.00326660657197777
ofav38874,-2.48543696301413
ofav38896,-1.09183207752199
ofav38899,-0.78321106642075
ofav38915,-1.16511472652514
ofav38919,2.13866641434325
ofav38926,1.7440318192588
ofav38933,-1.72907491165318
ofav38940,0.681581697428745
ofav38961,0.323407357842099
ofav38962,0.725535905178591
ofav38966,-0.52587628934318
ofav38971,0.477849940111583
ofav38982,0.516544145012357
ofav38984,-2.46561116624988
ofav39011,0.416993186828594
ofav39016,0.0846565824963765
ofav39021,-2.95955963185501
ofav39030,1.36745456678226
ofav39039,0.0308840308406684
ofav3904,0.737702442655435
ofav39049,0.339608117092685
ofav39055,0.124605966275339
ofav39075,0.662807779519426
ofav39108,-3.36944605151867
ofav39121,2.49553374772384
ofav39130,0.721500630924364
ofav39131,2.16680445572128
ofav39150,0.517597680030849
ofav39166,-3.04039030101496
ofav39168,-0.358377823397833
ofav39182,-4.85076088526894
ofav39208,-0.887467944506417
ofav39211,0.515971792189543
ofav39257,0.713044086723359
ofav39261,-3.89312480370158
ofav39262,1.71906907565277
ofav39263,0.856639493978718
ofav39274,0.626968434273147
ofav39291,1.52565336827144
ofav39301,2.43724258556843
ofav39305,0.25330450437138
ofav39309,0.95221405613185
ofav39320,1.22564442151013
ofav39330,0.193343559805724
ofav39332,0.432561018974205
ofav39343,-0.00109339136147319
ofav39348,0.919323589916186
ofav39350,-0.153304436020813
ofav39358,-0.779372638232954
ofav39368,-0.30764071404796
ofav39372,-2.88821947862022
ofav39374,0.381029756196983
ofav39388,3.33195565404102
ofav39389,0.578533860922014
ofav39404,-1.57473706149026
ofav39417,-1.48077352197707
ofav39437,0.796321755685775
ofav39444,-0.0220048627999766
ofav39458,0.929758263086368
ofav39461,-2.3906279957179
ofav39473,1.11430969130223
ofav39481,1.4584580280506
ofav39487,-0.554418916458825
ofav39502,-1.82356330421597
ofav39503,0.0461145904977092
ofav39514,0.215195171702283
ofav39535,-0.614197364670561
ofav39536,-1.83356943620187
ofav39544,0.188784722806243
ofav39547,0.189330870185051
ofav39552,0.239598043410797
ofav39577,-0.405853565522623
ofav39594,-0.489487202951966
ofav39608,-2.17963839816212
ofav39610,1.27492156966967
ofav39616,0.155779889178477
ofav39623,-0.27536379921591
ofav39633,0.799891323564475
ofav39639,0.232617793182218
ofav39654,-0.403145406394599
ofav39656,0.496409977709771
ofav39659,1.56340532543764
ofav39665,-0.0136200920600008
ofav39670,0.997824106905439
ofav39702,0.457658239198584
ofav39706,0.850638782788032
ofav39719,-1.03026520216163
ofav39720,-2.23213936573065
ofav39722,1.39173575901978
ofav39736,-0.174076661917825
ofav39738,1.39468094776297
ofav39752,0.611048042438298
ofav39754,1.42980867344129
ofav39755,-2.77715631381608
ofav39781,-2.69471079113086
ofav39787,0.167607315376994
ofav39793,-0.387800481490388
ofav39798,2.54273598591022
ofav39808,0.184371411590717
ofav39812,-2.41764139059
ofav39829,-1.3454029401125
ofav39846,0.835273598701572
ofav39848,0.629563476939698
ofav39852,0.145794184937539
ofav39863,0.714909183039133
ofav39876,-2.74058916368736
ofav39883,-0.272976921674698
ofav39884,-1.56927431151874
ofav39889,0.794908202989403
ofav39903,-0.265031819312116
ofav39904,0.904216144491556
ofav39913,-1.45827637443109
ofav39919,1.53502536166295
ofav39920,-2.50483475478462
ofav39922,-0.068396286035243
ofav39923,-15.7411329591617
ofav39927,-2.47495999216973
ofav39931,0.126306786665513
ofav39941,0.382925360361382
ofav39942,-1.03161854798167
ofav39948,-2.01693603689827
ofav39951,1.18609692770315
ofav39959,1.12280385640003
ofav39962,-5.48242987971669
ofav39983,-0.798098062451429
ofav39986,-0.614363131593949
ofav39990,-1.73131790409326
ofav39993,0.698405229684142
ofav39997,0.371780904896121
ofav40002,1.4866238260028
ofav40009,0.970651981611626
ofav40013,1.24881103963523
ofav40023,-5.7889540964826
ofav40064,-1.81620274683743
ofav40075,0.239816963864382
ofav40100,1.805788730354
ofav40126,-0.156425621480714
ofav40133,-4.7182469945284
ofav40139,0.416526787503507
ofav40140,-0.299964072096753
ofav40145,-0.0443347728125574
ofav40149,-2.54577430139926
ofav40151,1.5956174158133
ofav40158,-1.75184103790968
ofav40169,-1.92739091418695
ofav40172,-0.208321558993043
ofav40177,1.81766847721913
ofav40178,2.71836585646283
ofav40186,0.625516587446497
ofav40195,-0.33060800371447
ofav40199,1.34081398968848
ofav40201,-2.37910079451422
ofav40203,0.156421183593836
ofav40204,1.29378920641062
ofav40214,0.736495646088418
ofav40239,-0.0531136056541857
ofav40244,-2.35583812287635
ofav40247,0.277735117088297
ofav40249,1.15835563676207
ofav40254,-0.961920503203661
ofav40259,-0.744016667313204
ofav40264,0.020901185979782
ofav40265,-5.64012735965855
ofav40266,-1.19763816323139
ofav40274,-2.05210748507963
ofav40285,-1.63816319233091
ofav40288,0.573734475823495
ofav40298,0.0333181907339703
ofav40302,1.56957953343654
ofav40308,-0.472064717306703
ofav40317,-1.62938671264605
ofav40320,1.02566612043542
ofav40324,0.757349154208375
ofav40335,1.11101092162144
ofav40338,-2.66347665945753
ofav40346,1.97382047758515
ofav40358,0.454290472941741
ofav40363,-1.11589632942205
ofav40377,-0.678853760773071
ofav40398,0.62785374032093
ofav40413,-0.413343691234658
ofav40422,0.150494330225521
ofav40430,-1.17320926570686
ofav40439,0.759898505376074
ofav40443,1.95266486715269
ofav40447,0.142553879565921
ofav40474,-0.930885112623848
ofav40480,-0.233898660393501
ofav40481,-0.675866486815505
ofav40492,1.01683195299463
ofav40500,-2.88946495460932
ofav40503,-0.556792802419976
ofav40506,-0.389277299186709
ofav40518,2.73687323765105
ofav40533,0.0796170043307692
ofav40538,1.3932035508371
ofav40543,-0.76083464348341
ofav40548,-1.01381233892418
ofav40556,0.627738018597291
ofav40559,1.6418459171109
ofav40570,1.35489382862336
ofav40574,-1.92937381639176
ofav40578,0.477469288608044
ofav40580,1.80966087945681
ofav40584,0.27535296590622
ofav40590,1.2840326276438
ofav40593,-0.0601278576441551
ofav40602,-0.0234046430391082
ofav40603,-0.80647863626735
ofav40610,-0.0180537538913413
ofav40621,-0.109674291368965
ofav40631,-0.151172847132947
ofav40638,-3.8184182451904
ofav40641,-0.37651923798221
ofav40643,1.02331569908242
ofav40649,-0.607823176184348
ofav40657,0.824409939126554
ofav40677,-2.33513036323945
ofav40680,-1.25042135372759
ofav40708,2.99480379261454
ofav40714,-1.42163976940998
ofav40717,-2.1446547452892
ofav40722,0.971394254603228
ofav40736,1.44177868877246
ofav40740,0.184244098664518
ofav40741,-0.0285123297061984
ofav40742,-0.648229988634691
ofav40751,-0.269676701955879
ofav40760,1.62257810317524
ofav40761,-1.60339801909084
ofav40776,1.69438625719048
ofav40778,0.1064985333654
ofav40781,-0.197947322945584
ofav40789,0.596801719154927
ofav40790,-0.227979999263194
ofav40805,0.500267085765559
ofav40816,-0.302464762027461
ofav40824,3.8015604721226
ofav40826,0.758030198522336
ofav40830,1.78794806109103
ofav40838,1.06435525041417
ofav40842,-1.15169114742033
ofav40843,0.582419233596825
ofav40847,-0.117855267284005
ofav40851,0.346767060446042
ofav40859,1.91011690448883
ofav40876,1.82053743453046
ofav40881,-0.58553693910997
ofav40893,1.53771246379162
ofav40894,-0.287571242743393
ofav40905,-0.510965054983598
ofav40910,3.14656644529774
ofav40911,-0.532798902717755
ofav40914,0.064082831859544
ofav40919,1.11468994843138
ofav40921,1.29877897670603
ofav40932,0.281302134013696
ofav40934,-0.891072444529958
ofav40935,-1.72703983759573
ofav40939,1.16066889247028
ofav40941,0.224566583752283
ofav40949,1.17363434938658
ofav40956,-1.43608268748484
ofav40959,-0.00711316454754679
ofav40962,-2.46749877519431
ofav40966,-1.05778811271315
ofav40967,-0.280069348098314
ofav40978,-0.502640315941694
ofav40979,0.61459096198299
ofav40983,-1.48321043440053
ofav40986,1.30174895174673
ofav41001,0.598115191897446
ofav41020,-0.197150386534516
ofav41044,-0.804861389100876
ofav41047,-1.29588786788331
ofav41058,0.672390479773605
ofav41066,0.280987391617561
ofav41068,0.326829091055564
ofav41077,-0.644212204049778
ofav41078,0.123814600932419
ofav41080,2.32037056872842
ofav41103,1.11121228046332
ofav41108,0.945025666058608
ofav41110,0.58608932361937
ofav41126,1.76091956939982
ofav41127,-1.42176427362906
ofav41133,-0.60871057224792
ofav41142,-0.499600564796618
ofav41145,0.833911706519872
ofav41150,2.03261318605436
ofav41153,1.12124250524041
ofav41158,0.593046672460536
ofav41159,-2.62766956996484
ofav41160,-0.0523754639813237
ofav41165,0.471176152183248
ofav41180,0.649562551133082
ofav41181,-0.947626350340396
ofav41184,2.95397267483917
ofav41195,0.422347317207921
ofav41198,-1.29337852694933
ofav41200,0.122448343673827
ofav41201,0.782095135988141
ofav41202,-0.899297505902666
ofav41203,-3.67880862196451
ofav41208,1.09112954579895
ofav41224,-1.08789413376124
ofav41225,0.912660996509057
ofav41226,-0.960091666681633
ofav41233,2.74477311861521
ofav41251,-1.38706832728052
ofav41255,2.60492161787843
ofav41256,3.93109006169376
ofav41262,1.16686541065122
ofav41264,0.566918012294026
ofav41270,-1.65850332130403
ofav41276,0.502756068986045
ofav41277,-0.284041170237723
ofav41283,-0.182603585757077
ofav41284,-2.94341306318561
ofav41288,0.019218293463839
ofav41291,0.862001478609924
ofav41295,1.59169126380864
ofav41309,0.33579073943323
ofav41338,-0.316632699081422
ofav41345,-0.470929630719113
ofav41347,0.142086451357934
ofav41356,2.2040386453001
ofav41359,-2.29371718950567
ofav41366,-1.51311339771544
ofav41374,1.96083314259661
ofav41379,-2.31425122643263
ofav41390,0.147127364974564
ofav41410,-0.676136791992077
ofav41416,0.421342431772054
ofav41420,1.81443314477993
ofav41428,1.02557781544881
ofav41432,-0.0430446973762068
ofav41437,-0.444234388813829
ofav41439,-1.23254638985312
ofav41440,0.844406151275732
ofav41442,-0.939486782830631
ofav41445,-0.22123203484756
ofav41457,0.814969621513948
ofav41461,0.636761697671087
ofav41462,-0.765582630497103
ofav41477,-1.75643863938134
ofav41482,-0.882521738096524
ofav41485,-0.300016799857073
ofav41506,1.25777456146037
ofav41512,0.190335351540014
ofav41515,3.0977293956036
ofav41523,1.13875342025798
ofav41531,-0.442486211297981
ofav41539,1.12734977050793
ofav41550,-0.454188726672264
ofav41552,0.0236337174362006
ofav41560,0.75287710024217
ofav41573,2.14043045983467
ofav41582,2.37085860648513
ofav41583,0.249679004217524
ofav41585,0.521359190762232
ofav41586,1.54958277698137
ofav41614,0.852349107947304
ofav41619,0.197618529196031
ofav41626,0.275254859361697
ofav41627,2.0556120523432
ofav41636,-4.62472182565291
ofav41642,-0.39274641847571
ofav41644,-2.09709416798374
ofav41648,0.227185960233145
ofav41652,1.09253820275286
ofav41666,0.552507761496911
ofav41675,-0.629779435023517
ofav41680,-0.740769082442257
ofav41682,-1.08542904872904
ofav41691,-3.4705900231382
ofav41703,2.0951890232182
ofav41705,-0.319966001830195
ofav41709,2.94082080757533
ofav41714,0.863268933053838
ofav41723,0.293308300507242
ofav41727,0.849544281136724
ofav41728,-0.0711181212350639
ofav41732,0.837439978955552
ofav41736,0.549311352458539
ofav41742,0.865414063668109
ofav41746,2.34395055871166
ofav41750,1.82086093228058
ofav41753,1.11247850747547
ofav41771,-2.09512049429966
ofav41774,0.105178587729715
ofav41775,0.936721725029406
ofav41778,-0.152482279139478
ofav41811,0.306997383003336
ofav41814,1.5004305313
ofav41818,0.0641736022750051
ofav41825,-1.40839049684219
ofav41834,-4.44801398158173
ofav41836,-0.186346556293984
ofav41852,1.67328988321502
ofav41859,4.76623696666086
ofav41863,-3.61189330542693
ofav41864,0.907528590657767
ofav41865,1.96215337136674
ofav41872,2.64419248779341
ofav41884,-0.774121337104585
ofav41886,0.512760083559701
ofav41887,1.19034833845847
ofav41889,1.65181086798759
ofav41902,1.21343094195962
ofav41912,-1.1317986786618
ofav41913,-0.140799459613167
ofav41917,-0.113052193563658
ofav41922,0.353331673645219
ofav41923,-0.169466310111216
ofav41933,-1.40717855262672
ofav41941,1.18756407750948
ofav41944,2.32639209818697
ofav41945,0.719510065935583
ofav41951,0.54994456025492
ofav41965,0.687887780314235
ofav41972,-1.36355706470977
ofav41984,-3.12491107986434
ofav41987,0.12826451533923
ofav41991,-0.614226747613113
ofav41994,4.82686700769277
ofav41995,0.127612874949235
ofav41997,-4.31554877691941
ofav42000,2.48137387911393
ofav42007,2.10445237108225
ofav42008,0.869527732802085
ofav42009,-1.29653209364053
ofav42024,0.843185998555974
ofav42026,0.267654105070008
ofav42038,-0.050378559762714
ofav42042,-1.86967723663206
ofav42046,0.236265291370132
ofav42058,2.76467220790537
ofav42059,1.10010435322517
ofav42060,-1.37485120653606
ofav42068,-0.794563314753824
ofav42078,1.05980576484661
ofav42087,0.820607812869747
ofav42088,0.716823723893518
ofav42094,0.695439881187596
ofav42095,1.40392582806781
ofav42100,-4.59833061934145
ofav42101,-0.83741428713971
ofav42103,-1.96078009896425
ofav42104,0.732188516899641
ofav42106,0.659466650337252
ofav42108,0.832862807492447
ofav42120,0.599721316192606
ofav42122,-0.585097942880026
ofav42124,0.146719486441553
ofav42126,-0.40637131722101
ofav42131,0.858654993627299
ofav42149,0.456626829985822
ofav42150,-0.228340212441501
ofav42156,-0.543660013498584
ofav42159,-0.206986377263394
ofav42167,0.189280947902315
ofav42171,0.348518793411697
ofav42175,-0.581860633577447
ofav42181,-2.93503842618577
ofav42192,-0.265330733474193
ofav42203,0.371190027231139
ofav42209,-0.0956510718880182
ofav42213,0.48539385725136
ofav42217,0.625755355605827
ofav42219,-0.786410509347135
ofav42225,0.15182941910185
ofav42233,-0.363996792287892
ofav42236,0.226370935819569
ofav42241,2.24799625261537
ofav42247,-0.218713966934995
ofav42252,1.22857560628085
ofav42254,2.01502534645296
ofav42263,0.243395517991166
ofav42270,0.890256754909138
ofav42278,0.635358343728238
ofav42290,0.406051796659544
ofav42292,0.330833196755634
ofav42299,0.274177251865678
ofav42304,-1.1813311911784
ofav42305,-7.90726459144502
ofav42307,-0.973612802531334
ofav42308,-3.34169853101406
ofav42327,-1.55665316038463
ofav42335,0.203573429311548
ofav42337,0.934370144215283
ofav42340,-0.774192073237715
ofav42341,0.688858553150374
ofav42345,0.600200268107576
ofav42347,-1.2550606785593
ofav42352,0.355775603989697
ofav42355,1.64071636872359
ofav42356,0.32886261552914
ofav42371,0.0293097472447016
ofav42372,0.421056510963861
ofav42376,0.541332494695136
ofav42377,1.10859209986162
ofav42384,-1.41402656603233
ofav42386,-2.40678887462646
ofav42391,0.836354811045248
ofav42392,-0.119188656080221
ofav42394,-2.04684914290543
ofav42402,-2.0648854525961
ofav42406,0.684339501059653
ofav42414,0.124441396382096
ofav42420,0.920073780577652
ofav42428,1.13129431710592
ofav42429,-2.22583030656191
ofav42436,3.51176477742638
ofav42438,-0.390257082341439
ofav42439,-0.477453889440934
ofav42447,0.948258929346066
ofav42448,0.604367418823642
ofav42457,1.29749432259527
ofav42465,2.20840211623553
ofav42469,0.324784668568532
ofav42473,-0.699067660873319
ofav42475,0.0321704585591154
ofav42478,0.498756774769678
ofav42484,-0.0608812085847355
ofav42491,0.54472491900083
ofav42499,0.318802624958737
ofav42500,0.875965358263689
ofav42502,1.53465442161852
ofav42508,-3.20931082978413
ofav42513,-0.415187272817148
ofav42514,0.177301912190954
ofav42517,0.283107468666998
ofav42521,2.03897393665671
ofav42522,2.43607237955811
ofav42524,0.322480595460418
ofav42526,0.473011465735838
ofav42530,0.632393108642382
ofav42534,-0.433852535946029
ofav42550,-0.868941344275439
ofav42556,-0.52527209390647
ofav42560,-0.0637019780910126
ofav42562,0.4014452159949
ofav42564,1.18888884523592
ofav42575,0.279738075579672
ofav42579,0.446546698109417
ofav42592,2.08687931826615
ofav42602,0.202870409976458
ofav42606,-4.08808134185062
ofav42612,-0.0193340994329595
ofav42613,1.15312124186125
ofav42615,1.52836765631426
ofav42621,0.149205772340875
ofav42629,0.00354376789758963
ofav42634,-1.57412179267079
ofav42636,-1.9247353701643
ofav42639,1.2228997340708
ofav42644,2.45357049659826
ofav42645,-0.521591459248053
ofav42646,-0.537812992463818
ofav42647,0.474267953627336
ofav42648,1.52475847804567
ofav42651,1.24513927695619
ofav42674,-0.456251975370965
ofav42676,1.24912096501458
ofav42680,-1.66595948472501
ofav42696,0.90002133446299
ofav42698,0.126911075392293
ofav42699,-1.2707928579443
ofav42707,0.91759888233958
ofav42713,-0.29589825188764
ofav42714,-0.47644047084634
ofav42719,-1.15247515251361
ofav42728,-2.02897345721589
ofav42731,0.885819377102626
ofav42734,-0.266386022679307
ofav42738,-1.1822677096828
ofav42749,-0.448179123355967
ofav42753,1.02935240832785
ofav42757,1.72513847682432
ofav42763,0.403681996877721
ofav42768,-0.248125538168705
ofav42776,1.16710961926417
ofav42780,-1.15945233371022
ofav42784,0.881726981805309
ofav42785,1.23467778291746
ofav42787,-1.37822684807644
ofav42798,-0.20288935622534
ofav42801,0.113708638437915
ofav42809,0.503109975246531
ofav42813,1.8324237492134
ofav42816,-0.405178715209753
ofav42817,-0.595579431459853
ofav42818,1.85400298800125
ofav42819,-0.167687446089575
ofav42821,-0.435695138361253
ofav42824,0.51731060230596
ofav42826,0.120304466283698
ofav42827,-0.114671290282403
ofav42830,-2.0887434874677
ofav42834,0.872675830895721
ofav42840,-0.668318869891856
ofav42841,0.891198434951687
ofav42842,1.21794193259973
ofav42845,0.234254456871803
ofav42850,-1.99545669344147
ofav42857,0.648118751438253
ofav42859,-0.924604365008551
ofav42862,-1.00987131548186
ofav42867,-0.902963657616149
ofav42868,-2.29120183776709
ofav42872,-3.21639647134635
ofav42878,0.183304013631101
ofav42880,0.171734342698263
ofav42883,0.689151129832064
ofav42888,0.373163478048977
ofav42891,-0.18140173651972
ofav42894,-0.0310354377399841
ofav42897,-0.64762362408452
ofav42919,-2.60636865415016
ofav42921,-1.28082148092195
ofav42922,2.97265520161373
ofav42923,1.16876618831774
ofav42928,0.559248800832816
ofav42929,1.4347415677411
ofav42934,0.770850372052997
ofav42935,-0.866018702029004
ofav42938,0.293127398195518
ofav42940,-0.987141923286339
ofav42949,0.113385041231531
ofav42950,0.415991619532021
ofav42952,0.938901239285197
ofav42953,-0.622276803817405
ofav42978,0.309272300816128
ofav42983,-0.17491781059013
ofav42995,-0.317308507588923
ofav42999,1.04713801631323
ofav43003,-0.756934486668786
ofav43005,-1.79566749081488
ofav43006,1.51054161088324
ofav43016,0.0743931355448163
ofav43023,1.51233201434402
ofav43029,0.669333183410723
ofav43030,-0.512525644322041
ofav43039,-0.135193072558044
ofav43040,-0.980552479690838
ofav43041,-3.3849298905397
ofav43048,-1.36917912932937
ofav43050,0.911299516329995
ofav43051,-0.765605621395094
ofav43056,-8.97928328392306
ofav43058,1.46552606362358
ofav43059,0.364856668442652
ofav43060,-0.47393780845644
ofav43061,0.387859170821623
ofav43065,-0.0157544999004413
ofav43071,0.142330310263019
ofav43078,-0.541810206758184
ofav43083,0.422449591639502
ofav43086,-1.81140744344227
ofav43090,-2.38439602024908
ofav43104,-0.234767128490805
ofav43112,0.234813215354442
ofav43120,-0.284732879626068
ofav43126,1.04291158323743
ofav43127,3.26958718168211
ofav43129,-1.84876311751619
ofav43133,-1.2264493302795
ofav43134,1.73061294999897
ofav43137,0.226057394963223
ofav43138,-0.267098578444574
ofav43140,0.729276934957017
ofav43152,-1.79770015943601
ofav43157,-0.396719186404448
ofav43160,-1.59922093794688
ofav43164,0.506355693550636
ofav43170,1.10787025879743
ofav43173,-0.0537795279076402
ofav43174,1.78275245889716
ofav43181,0.575262922380942
ofav43183,-0.793748928648604
ofav43185,0.338921867412524
ofav43198,0.561462948801802
ofav43202,-0.857329977410675
ofav43210,-0.713747459872264
ofav43212,-0.0576038345079687
ofav43219,-0.172269153135128
ofav43225,0.598309868907699
ofav43227,0.506338386416591
ofav43228,1.62867376740268
ofav43229,1.29306849266366
ofav43230,-0.808666353091235
ofav43232,0.263418237086905
ofav43234,-0.405369897023336
ofav43239,0.625549872757524
ofav43240,-0.975634155571485
ofav43244,0.228375450785042
ofav43245,-5.50883500026964
ofav43246,0.499756594499321
ofav43248,0.670047595212774
ofav43250,1.61903895420556
ofav43253,-2.55707073730967
ofav43265,1.16023271633588
ofav43268,-0.396616492024391
ofav43269,-3.29456375746362
ofav43277,-1.01264451235002
ofav43278,1.04122746233667
ofav43284,0.896561592352396
ofav43295,-5.14663058322255
ofav43296,-0.565736575919643
ofav43300,-2.32530358736544
ofav43303,1.0247947510103
ofav43305,-0.219296457412035
ofav43313,-0.199290574338647
ofav43317,0.752058176230732
ofav43318,2.78095967937132
ofav43319,-2.23582193904478
ofav43327,0.726398972599688
ofav43330,1.41660973780023
ofav43333,-5.45077161030258
ofav43340,4.39723983782028
ofav43341,0.123139107566654
ofav43350,-7.48738207324317
ofav43353,-0.174869116663899
ofav43357,1.20931072055243
ofav43361,0.669170707955593
ofav43363,-0.0811988259221181
ofav43365,-1.02699740909787
ofav43373,0.54836549267672
ofav43376,0.588225055959223
ofav43380,-0.61552441000377
ofav43385,-1.66036548036847
ofav43400,-0.0534870052532606
ofav43403,0.26132275990189
ofav43404,2.46889572383176
ofav43407,0.19629752731418
ofav43410,0.875219644412192
ofav43412,0.640434738691737
ofav43414,1.11201051059092
ofav43415,-1.10826359506458
ofav43417,0.286279452512894
ofav43419,-1.68839556707668
ofav43432,1.09236338859305
ofav43435,0.244320823451771
ofav43449,-1.98059128221112
ofav43454,-0.11568118593218
ofav43457,-1.31615775787735
ofav43458,0.193576807378155
ofav43459,0.32515325308989
ofav43460,2.40704069840813
ofav43464,1.8416697826273
ofav43466,-5.84106783334552
ofav43479,1.04078154908893
ofav43482,0.429078752117343
ofav43483,-0.469108616416299
ofav43495,-5.6423879532097
ofav43501,0.96730884795098
ofav43503,1.38648361397119
ofav43509,-2.92814195780111
ofav43516,-0.610308219703302
ofav43518,1.01678503094927
ofav43523,0.285687651502701
ofav43525,0.359058183881309
ofav43526,-0.497429365603277
ofav43528,-0.794077306335289
ofav43529,-5.80826183451579
ofav43533,2.56821712516811
ofav43545,-3.36744533075211
ofav43546,0.25379540074742
ofav43547,-1.86922345817987
ofav43555,-0.359465872148111
ofav43563,-0.566906029436436
ofav43568,-0.0223373749454397
ofav43570,-0.00460706249928806
ofav43575,-0.500297445322424
ofav43580,-0.213254766520447
ofav43581,-4.33676303245975
ofav43585,0.293490277469755
ofav43587,-2.52611398141947
ofav43589,0.209027159076563
ofav43596,2.23262731682427
ofav43606,1.25922654198557
ofav43611,0.355002118300768
ofav43616,2.23201891661746
ofav43618,-2.38749916224915
ofav43621,-1.92055974325155
ofav43622,-0.660281063532867
ofav43633,-1.21896970991834
ofav43641,-0.658844222558751
ofav43643,-0.464849683472134
ofav43645,0.256565164934265
ofav43657,-0.618997200805431
ofav43659,-5.83373590640425
ofav43670,-6.5178632313177
ofav43674,0.178013528741929
ofav43676,-1.28717261347601
ofav43678,1.49585040358613
ofav43679,1.01256045166527
ofav43688,-0.851351805065312
ofav43690,2.01833929271128
ofav43699,-0.27138306410393
ofav43700,-0.800051054945224
ofav43701,-0.39646282912469
ofav43705,0.459411942854759
ofav43706,-0.17453142709795
ofav43708,0.108246241782077
ofav43712,1.90312856114685
ofav43713,12.8107493805082
ofav43714,-1.47219568998224
ofav43721,1.02668701779967
ofav43724,0.391568412569826
ofav43725,1.05456968992915
ofav43733,0.700391566709811
ofav43734,-1.22198296649808
ofav43739,0.59911429152004
ofav43741,1.41492690377941
ofav43743,1.20844219708049
ofav43746,-1.96633333247822
ofav43757,-2.15202949812053
ofav43760,1.42989457829742
ofav43761,0.692942039297419
ofav43762,0.508684274708013
ofav43771,-4.1333416922914
ofav43781,1.71525238489951
ofav43792,2.22135590970258
ofav43794,0.189594053182273
ofav43797,-5.02204423037651
ofav43802,0.366566661940728
ofav43803,2.56033520493348
ofav43804,1.18093111299129
ofav43805,0.169706968269151
ofav43810,0.0353319229939459
ofav43811,-0.645777170295187
ofav43814,-0.400328774767129
ofav43817,2.29455523219214
ofav43821,-0.73475671503154
ofav43824,0.881935288750226
ofav43825,-0.928465951969767
ofav43826,1.87432897641493
ofav43827,1.95268348829481
ofav43831,-2.67582717974546
ofav43832,2.38892213735785
ofav43833,-0.306727224457295
ofav43840,0.0490360299751987
ofav43854,-4.20246176788239
ofav43857,0.395786117520435
ofav43860,-2.06513848537513
ofav43861,1.4001560735227
ofav43862,0.0887590844234092
ofav43869,1.87249151181093
ofav43870,0.178767751649138
ofav43871,1.87617848890053
ofav43875,2.60832081579059
ofav43886,-0.358204364167221
ofav43893,-0.926366299585366
ofav43900,-1.79415911361876
ofav43901,2.13999489169615
ofav43904,-2.29451971770618
ofav43905,0.479854378560368
ofav43914,-0.107201259638354
ofav43915,0.473123175437324
ofav43918,-0.713156631925016
ofav43919,-0.119329008481346
ofav43935,-0.0483864445714
ofav43937,1.65187149818844
ofav43938,0.0594277179328577
ofav43941,-0.87844230210717
ofav43944,2.16780215325353
ofav43950,-1.71788002327895
ofav43951,0.280679281558587
ofav43963,-0.0870688663094726
ofav43964,-2.3429032221947
ofav43965,-18.0295594271852
ofav43968,1.66222413525574
ofav43969,-1.0348795712573
ofav43973,1.07190046715701
ofav43978,0.704152882696047
ofav43989,1.08514017821182
ofav43991,1.09033260610172
ofav43997,-1.61894223421819
ofav43998,0.321673665693498
ofav44007,0.274333502842154
ofav44011,-1.51595143050198
ofav44017,1.41322093557808
ofav44018,-0.615271122731894
ofav44026,-0.729879158466731
ofav44027,-0.211537178271341
ofav44028,-0.405754297438238
ofav44029,-0.442165635257976
ofav44030,-0.26089618235521
ofav44039,1.36168649867723
ofav44041,-4.508312192883
ofav44046,-3.52199678157698
ofav44047,0.606257646729815
ofav44048,0.0024143072667891
ofav44051,-2.68397313000483
ofav44056,-1.28247294166889
ofav44058,0.845663436199291
ofav44059,0.459356676622341
ofav44062,-1.04919097163497
ofav44063,-2.4330715773685
ofav44067,0.263432038015044
ofav44072,1.59989358335068
ofav44079,-0.229386811824384
ofav44080,-0.155276907684646
ofav44082,0.316473372192395
ofav44088,0.214361462390362
ofav44092,-0.903484877458514
ofav44095,0.56607934045045
ofav44097,2.16515062659391
ofav44100,-0.238457988623021
ofav44101,0.0979722632939829
ofav44103,-0.17433174801184
ofav44112,3.06189497215078
ofav44113,0.759522208577998
ofav44115,-2.90886840153222
ofav44118,0.605013228319845
ofav44128,-4.13714757593365
ofav44130,0.43271520397687
ofav44134,1.40562956476273
ofav44142,-0.339885119492867
ofav44144,0.0461111587765562
ofav44145,-4.91335048540577
ofav44146,-2.20619452316178
ofav44147,-1.84447840118509
ofav44148,-1.24907343539171
ofav44151,1.06513925287438
ofav44163,-1.10425044512753
ofav44179,1.22348119973452
ofav44180,-0.12380635391909
ofav44185,-2.40398483556248
ofav44187,0.0248827532558745
ofav44190,0.272671422685032
ofav44191,-0.702852840954393
ofav44192,-0.152958904803196
ofav44193,-7.96101227979646
ofav44197,-0.427634150704751
ofav44204,-0.793337556958338
ofav44206,-0.812799751149875
ofav44208,2.32649728263586
ofav44209,-1.83108846331516
ofav44222,-1.25488176849189
ofav44224,1.51175694142432
ofav44238,0.303612181950531
ofav44239,1.10490283423202
ofav44240,-0.0120112587868458
ofav44246,1.41670248770547
ofav44251,-0.219522533898682
ofav44258,-0.555220413862113
ofav44263,0.193280381178724
ofav44269,0.265467778785175
ofav44270,0.0323243618066668
ofav44273,2.00719666439883
ofav44275,-0.275102902819432
ofav44281,-0.0665048336329896
ofav44283,-2.34394900293804
ofav44284,3.0239358261224
ofav44288,-3.31677129296909
ofav44291,0.260054303727926
ofav44292,-0.17019082958995
ofav44294,0.436357935057111
ofav44296,1.73839288984071
ofav44300,-3.55313414647058
ofav44309,-3.04455764662909
ofav44312,-0.0868014777076949
ofav44321,-3.67267931924232
ofav44323,0.592653500146972
ofav44325,-1.38983724221434
ofav44334,2.14285866878912
ofav44336,-3.46855381189213
ofav44342,-0.982383950200544
ofav44344,4.61123664142784
ofav44363,-0.664811710991942
ofav44369,1.80325687759029
ofav44370,-0.31203115840546
ofav44371,-1.46431005520485
ofav44372,-2.93112681581515
ofav44375,3.40539934377735
ofav44376,-0.287851200454302
ofav44377,0.326064829437106
ofav44385,2.36720568244146
ofav44389,0.621855373085385
ofav44394,-1.22092086535963
ofav44406,1.63549935221412
ofav44407,-2.04190232715343
ofav44408,0.3107348551009
ofav44411,0.228731456525291
ofav44412,2.70690602165977
ofav44415,0.904529657790136
ofav44418,1.9162194104557
ofav44420,0.899680294995535
ofav44424,-1.12642428879521
ofav44425,0.327466634089771
ofav44434,0.124047710324163
ofav44435,1.28909100451299
ofav44436,-0.396019408523232
ofav44437,0.722068420554076
ofav44439,2.57822101415348
ofav44440,-0.175674890260201
ofav44449,2.00666603359121
ofav44453,-0.256471576071412
ofav44455,0.153497570624459
ofav44459,-0.132324858178413
ofav44460,-2.15999740096502
ofav44464,-0.684619423005926
ofav44465,-1.95445880112323
ofav44467,-0.252390213581451
ofav44468,1.13563357035882
ofav44471,-4.10780839412639
ofav44474,0.944345974149736
ofav44479,-1.31985712997164
ofav44480,0.461723856906845
ofav44486,0.56018148209593
ofav44487,2.52089151950934
ofav44502,-1.42729855989716
ofav44504,3.14374188531439
ofav44507,-1.07150285015884
ofav44509,-0.431494811684701
ofav44513,2.57494823915443
ofav44515,-0.404519002516049
ofav44524,-1.02297354378068
ofav44528,0.810168176506224
ofav44530,-0.939067014051467
ofav44531,0.503428903451259
ofav44535,0.0624900269704497
ofav44538,0.293883123164955
ofav44548,-0.895564856318194
ofav44549,-5.49378490680225
ofav44554,0.932389296808709
ofav44555,-0.883309476510705
ofav44556,2.72189704872336
ofav44558,0.766412680872903
ofav44566,-4.83412506565378
ofav44567,1.01398837534267
ofav44568,0.790308135793822
ofav44570,-2.37377188972764
ofav44574,-2.42942715960559
ofav44576,0.438229707448668
ofav44578,0.431190145666617
ofav44579,-0.629001423999084
ofav44583,-0.654684466196965
ofav44590,-0.000264261948422084
ofav44592,0.241347726878401
ofav44594,-1.40005214853748
ofav44597,-0.385154946572544
ofav44600,0.173124446276164
ofav44610,0.58135574577871
ofav44612,-0.604155313682652
ofav44613,-0.400896091923601
ofav44622,-1.55137222203441
ofav44623,-1.22289104670582
ofav44627,1.31637424344407
ofav44629,0.302955268416255
ofav44632,0.334601541030865
ofav44635,-0.0614749376397335
ofav44636,0.65954257867326
ofav44637,0.054764760505079
ofav44638,1.24988394312421
ofav44647,-0.629741926257174
ofav44653,-0.259373675323224
ofav44656,-3.13520410709217
ofav44661,-0.861467120016021
ofav44666,-0.391037397545757
ofav44670,-0.352747013108329
ofav44672,0.594192437933619
ofav44675,0.692882725271106
ofav44677,0.51262287700336
ofav44678,0.815693250024095
ofav44689,-0.233001488732082
ofav44691,-2.69263403586607
ofav44694,1.69128420605131
ofav44695,-0.314607395228605
ofav44697,0.790672899788353
ofav44700,0.220729372236448
ofav44702,1.27614099602179
ofav44707,-1.24644954764951
ofav44709,-3.23318907205439
ofav44713,2.48244561331534
ofav44716,0.514095277077732
ofav44721,0.778624929674182
ofav44722,-2.36918909364009
ofav44728,0.960804986030691
ofav44731,-1.07878857060795
ofav44734,-1.924992414486
ofav44739,0.179276586641813
ofav44744,0.894812004535066
ofav44747,-0.601315118569916
ofav44751,-0.07310438023284
ofav44757,0.566358897046985
ofav44759,1.473054693135
ofav44765,0.852990907020075
ofav44766,-1.88656246696913
ofav44769,2.86825817456188
ofav44774,5.46011034850734
ofav44777,-1.42630033353074
ofav44778,-0.0441630618218343
ofav4478,1.78503236178622
ofav44780,1.46561246496216
ofav44782,-0.283556126359258
ofav44783,-0.0292994710050473
ofav44785,-0.772786537237496
ofav44787,0.69112218444514
ofav44788,0.368714840560353
ofav44789,-0.0183962695907163
ofav44792,-0.848042125157182
ofav44793,-1.33644565145346
ofav44798,-2.1973528623397
ofav44802,-1.9484438555812
ofav44804,-2.82032037612516
ofav44805,0.887302755497427
ofav44818,0.469896721235773
ofav44819,0.229557752664036
ofav44821,2.18427217645842
ofav44823,-0.530336155892326
ofav44830,-0.910212279464441
ofav44834,2.71912015129614
ofav44841,-0.361881502800853
ofav44843,2.15693597518133
ofav44844,1.97840257705194
ofav44849,-0.309601184350147
ofav44850,2.95455887718265
ofav44852,0.115799247978518
ofav44854,-0.366019753945206
ofav44857,-0.689447690920884
ofav44859,-0.364289625584076
ofav44862,-3.18253463056752
ofav44863,-3.86274587240237
ofav44868,-0.362021984631773
ofav44873,-2.49454769123756
ofav44879,0.614486230632719
ofav44880,1.33371443596885
ofav44882,0.197228609137639
ofav44886,-1.82956352099293
ofav44890,0.595528242978722
ofav44891,-0.286527197958608
ofav44899,-1.2016405517363
ofav44901,-9.07276416068502
ofav44903,1.11303238578916
ofav44907,-2.09636714863561
ofav44910,0.475471148308042
ofav44913,0.0925585841422636
ofav44914,-1.17610781254416
ofav44915,-2.24049911283763
ofav44916,0.227022672147798
ofav44918,0.20645031307443
ofav44923,1.21312721263588
ofav44931,2.40020184780763
ofav44934,-0.971278126253993
ofav44935,-1.50069226270358
ofav44944,-0.16777586352426
ofav44945,0.780138602227618
ofav44948,0.560973215332004
ofav44949,0.0856918497146388
ofav44950,1.62243355495288
ofav44953,-2.71951030879176
ofav44955,0.74144959889106
ofav44956,1.29305775992282
ofav44957,-0.192538836613266
ofav44960,-0.693294405193392
ofav44961,0.147309339502599
ofav44975,-0.0722869702439986
ofav44976,0.120439786828495
ofav44978,2.79402239488226
ofav44981,0.202535514462746
ofav44985,0.118923254470942
ofav44990,1.27062887379053
ofav44992,1.0272286826971
ofav44994,1.12632522378364
ofav44996,0.552808654807209
ofav44997,1.31074043600324
ofav44999,-1.15384078101791
ofav45002,0.803797183965476
ofav45006,-2.06353611798263
ofav45009,0.745212705463961
ofav45013,-0.284958415216189
ofav45017,-1.37691036901447
ofav45019,0.185553241057889
ofav45020,0.88755183794632
ofav45021,0.549840114547232
ofav45024,0.112004280544857
ofav45030,-2.8341942597607
ofav45032,0.216012555039448
ofav45033,0.904056943606718
ofav45035,1.55228481538267
ofav45038,-1.27386909691325
ofav45039,1.81814003270323
ofav45041,-0.0799522082995153
ofav45047,0.903342051747965
ofav45050,-0.273088933339241
ofav45059,0.456393098391879
ofav45062,-1.91709981238492
ofav45066,0.321173898240508
ofav45068,-0.286022155864711
ofav45069,0.443332045936185
ofav45070,0.350709070336186
ofav45073,-1.03609042033488
ofav45075,-0.773948247503885
ofav45078,1.78364434045936
ofav45079,0.92939692595175
ofav45080,1.12044184388749
ofav45085,-0.235140077409785
ofav45086,-0.0886567149107212
ofav45087,-0.148963853896261
ofav45089,2.23867777868266
ofav45093,1.47062420505482
ofav45095,0.854898055012118
ofav45097,-0.376303106224501
ofav45098,-0.168330608823829
ofav45099,0.246162810817755
ofav45103,1.88850082061506
ofav45105,-2.17336473916096
ofav45111,0.647484323829232
ofav45114,-0.728524019343313
ofav45115,2.0519373527559
ofav45118,0.499646558237265
ofav45119,0.358160709739297
ofav45123,0.226719398307281
ofav45124,2.67061484495116
ofav45125,0.0519756498023091
ofav45127,0.357362932045914
ofav45130,1.35355125135718
ofav45132,0.591255274462659
ofav45134,2.58073266241077
ofav45140,0.379105839148769
ofav45141,0.839471819993978
ofav45148,-0.542978979518594
ofav45149,2.71988734907714
ofav45154,1.06532717572222
ofav45155,-0.848455402948739
ofav45158,0.0364653709654901
ofav45160,5.19244167494525
ofav45166,-0.289507021170861
ofav45168,0.979889526943557
ofav45169,-0.0802385114571734
ofav45173,0.632922938651069
ofav45174,-0.345037605068877
ofav45177,2.10868390609969
ofav45189,0.0687125367018372
ofav45193,-0.63600925854093
ofav45194,-0.923938122565286
ofav45195,1.97077701248293
ofav45197,-0.311853197078305
ofav45203,-0.250419521942074
ofav45204,-2.59584658320385
ofav45207,-0.531322745370305
ofav45210,0.642200526405357
ofav45212,-0.319978182449618
ofav45213,1.31892878231075
ofav45219,-8.33724090158304
ofav45228,0.170392888006936
ofav45229,-4.85654472936424
ofav45230,-0.0442911152727991
ofav45232,0.202282826552262
ofav45233,-1.21924225926639
ofav45234,0.288542521521127
ofav45235,-1.81164620417797
ofav45237,-1.86781678285618
ofav45240,-0.414444021930776
ofav45247,-0.340754580134226
ofav45253,-0.382856661548528
ofav45255,0.0887726127577625
ofav45258,2.67368686244748
ofav45268,-1.91504755834925
ofav45269,0.411696526720158
ofav45270,-1.01813593038431
ofav45272,-1.08123909166937
ofav45275,-0.345275678787635
ofav45279,0.464896366833963
ofav45280,1.22413684748332
ofav45281,-7.09969634401209
ofav45283,-0.803612825250741
ofav45285,0.762297771674729
ofav45294,-0.56962003740565
ofav45295,0.503315034130569
ofav45296,-0.381966717823155
ofav45298,0.428337617530529
ofav45299,1.91250208692248
ofav45300,0.0204967454044075
ofav45305,-5.50349830036108
ofav45310,3.30215067612622
ofav45313,-0.233846970810472
ofav45315,0.217163167431289
ofav45316,-1.07724349496281
ofav45317,3.1249549451885
ofav45320,-2.30844197022108
ofav45323,0.00606906751759349
ofav45324,0.776727844694776
ofav45328,-3.49826469306379
ofav45329,0.946505612765676
ofav45330,-0.201793689064652
ofav45331,0.738055927127679
ofav45334,-8.45616635726044
ofav45335,-0.468144744695131
ofav45340,0.491376049853132
ofav45342,2.08312711878844
ofav45343,0.667642586156354
ofav45344,-3.97891980130402
ofav45345,-0.0126226370589886
ofav45346,-0.244227290826885
ofav45348,0.104359208464084
ofav45351,0.0721214907682299
ofav45354,0.445218532873818
ofav45356,-0.0178799345744554
ofav45358,1.39729641609146
ofav45363,0.307960058599338
ofav45364,-0.180106357903191
ofav45366,-0.806191951635999
ofav45367,1.15747138735621
ofav45368,0.512797306517257
ofav45369,0.32896337505108
ofav45370,-0.126623468782554
ofav45372,1.07778347845749
ofav45378,1.2064303622269
ofav45379,-0.935419641638775
ofav45383,2.05921772158558
ofav45388,-0.0250237547128301
ofav45392,1.97386662650368
ofav45396,0.588076087083136
ofav45399,-0.8792224723917
ofav45400,0.244610878854192
ofav45401,1.51442106528261
ofav45407,-1.02712483982392
ofav45410,-0.0785879391730825
ofav45412,-0.0479575859347074
ofav45417,-2.48830298217493
ofav45421,0.363405966206656
ofav45425,3.39162712715959
ofav45426,-0.644548320669119
ofav45430,0.246208846052116
ofav45436,0.473936648163125
ofav45437,-2.43105056641441
ofav45438,1.07173555131112
ofav45439,-3.2169865745161
ofav45442,0.784887042067889
ofav45443,0.385400766048959
ofav45445,-0.8545242817363
ofav45446,-1.37956482442919
ofav45452,0.532759806388106
ofav45454,-0.457177279366629
ofav45455,-1.01271820759521
ofav45456,-10.08153676675
ofav45457,0.706748306927433
ofav45459,-1.54550269096685
ofav45460,-0.441956613221779
ofav45462,-0.487203346863643
ofav45463,-0.891082396216898
ofav45464,0.370314718086505
ofav45466,-0.588995817155325
ofav45470,-0.129017730221673
ofav45473,-1.16377960555656
ofav45477,0.46898576150479
ofav45480,0.880052236340097
ofav45482,-0.790377996030202
ofav45485,-0.0184256124055733
ofav45488,1.20022343736546
ofav45489,1.44525055407245
ofav45491,-5.241751274517
ofav45492,1.70546710353447
ofav45493,0.190554331938916
ofav45496,2.12054572671717
ofav45497,-1.62292709741796
ofav45505,1.09642721172318
ofav45506,0.148188772164188
ofav45507,1.87922126692466
ofav45508,1.26471211341052
ofav45517,1.93329515138468
ofav45518,-0.103723338324668
ofav45521,2.07008745406579
ofav45523,1.80540199184247
ofav45524,0.751364014076867
ofav45532,-0.548114073192657
ofav45535,0.668516395772896
ofav45536,0.417579160582154
ofav45537,2.13424132577576
ofav45543,-0.301110860857534
ofav45548,1.78408797410333
ofav45554,1.36230914347219
ofav45559,0.72150853415716
ofav45561,-0.740275587145707
ofav45565,2.24739820235456
ofav45568,-0.36511782902478
ofav45573,0.222428253107533
ofav45576,0.0423493757362924
ofav45580,0.597584226381704
ofav45583,2.13947018250046
ofav45584,0.96018239129892
ofav45587,0.188110412770412
ofav45588,-0.138598043948037
ofav45591,1.2679744745836
ofav45592,1.66464112930428
ofav45593,0.60909277217046
ofav45598,-0.637661962440722
ofav45600,2.5651492499858
ofav45602,-4.03810850892969
ofav45603,-3.28825426990323
ofav45604,0.908959775006756
ofav45605,-0.337729066631287
ofav45606,0.222352859768277
ofav45608,1.55290159567985
ofav45610,-1.38770085984746
ofav45613,2.03466930532372
ofav45618,0.0686530366326019
ofav45619,-1.25751579690264
ofav45620,1.03677670396176
ofav45621,-0.24008873761082
ofav45623,-0.0441052117601338
ofav45625,-0.403016694926886
ofav45626,-4.08326193115266
ofav45627,-3.14233123561439
ofav45629,-0.124077597021348
ofav45630,-0.838020000715665
ofav45631,0.870190431920087
ofav45632,-0.902570869966148
ofav45633,1.15948645565746
ofav45636,0.482874588729857
ofav45637,-0.301234121818478
ofav45640,-2.64065372688586
ofav45641,0.415938024925439
ofav45644,0.21000031293329
ofav45645,-1.97705433317335
ofav45647,1.2885021273743
ofav45650,0.828499681744521
ofav45655,0.803283356319377
ofav45656,0.983817416727785
ofav45657,0.186325046804243
ofav45658,0.900814434583414
ofav45660,1.99442318023918
ofav45661,0.100691565922334
ofav45663,-1.42919514958558
ofav45664,3.40349205972879
ofav45665,0.416873222344275
ofav45666,-0.562397892624458
ofav45667,0.768705412525911
ofav45670,2.2935567528634
ofav45673,0.490633416627036
ofav45674,0.0841184036904603
ofav45678,1.79590124786478
ofav45679,0.0194177746808991
ofav45680,0.604566376756813
ofav45682,2.70804593075586
ofav45686,0.706637158520639
ofav45695,0.549155116672944
ofav45696,-0.0603124747009057
ofav45699,-5.5553336844867
ofav45700,0.671917094180771
ofav45701,0.612419298670584
ofav45703,0.561772672930772
ofav45705,-3.03904999184911
ofav45710,-2.38176004068286
ofav45713,-6.93964006843452
ofav45717,-1.59791773120662
ofav45718,-0.73387113238111
ofav45721,0.0287208851999079
ofav45722,-3.47145269317221
ofav45724,-3.88428405857391
ofav45725,-1.96521142727154
ofav45730,0.176766304949431
ofav45731,-0.415220249796469
ofav45735,-1.98085359958774
ofav45736,2.0754354312157
ofav45738,0.993277594767973
ofav45740,-1.38836874976524
ofav45744,-1.60700228600634
ofav45745,-0.798549767948803
ofav45747,-0.396284601602987
ofav45750,0.375635893627013
ofav45752,-0.91218384860577
ofav45754,-1.10688099220308
ofav45755,0.499434916003607
ofav45756,-0.497249185939336
ofav45757,-0.498920469858069
ofav45758,1.15086914997678
ofav45759,-0.897975089056389
ofav45760,1.15558540707714
ofav45761,-0.193813315541965
ofav45763,-0.490316888991427
ofav45765,0.85151624510085
ofav45766,-1.29221283366249
ofav45767,0.947255325351936
ofav45770,-0.619542776624318
ofav45771,-0.0569935655776816
ofav45772,-4.50794014371637
ofav45773,-0.71468279143686
ofav45774,0.966950356019397
ofav45775,4.9095117829455
ofav45776,1.69134218736275
ofav45782,0.779491630852458
ofav45789,1.9092674011986
ofav45790,0.00557908079988298
ofav45792,0.664292021956359
ofav45793,0.338507551664733
ofav45795,1.74416215711306
ofav45803,-3.30893877974922
ofav45804,0.602988683356411
ofav45805,0.956524400157295
ofav45807,-1.13673191828171
ofav45813,-3.23340533623272
ofav45820,-0.31051343888123
ofav45822,0.379956478164996
ofav45823,2.36031689228725
ofav45824,-0.487272333425905
ofav45826,-0.0277729691088957
ofav45831,3.9032853648106
ofav45832,1.11311659387703
ofav45834,-4.08092617741863
ofav45835,2.08507324808176
ofav45838,-2.241129332711
ofav45842,0.874625925070452
ofav45844,-2.79174659118414
ofav45846,-0.337514126913653
ofav45849,-2.07208979191837
ofav45850,-1.67044380898773
ofav45852,0.545364998420864
ofav45853,-0.608042309671513
ofav45858,-0.505134840052678
ofav45860,-1.02157634621665
ofav45863,0.4917695917546
ofav45865,-2.14658943271112
ofav45868,-1.47888249111346
ofav45869,-2.74576183546997
ofav45873,0.503375054029269
ofav45875,0.357253761831651
ofav45877,0.453279236357096
ofav45879,0.207136644917022
ofav45881,2.05748380720642
ofav45884,0.282656039521476
ofav45886,-0.782321776009882
ofav45887,-0.425518582165752
ofav45888,0.10918051757341
ofav45889,2.65790562272122
ofav45891,1.12428993072659
ofav45895,-1.49945942286898
ofav45898,1.05979263732174
ofav45901,-0.231716596725949
ofav45905,-0.0677237539203246
ofav45908,0.0580851030259588
ofav45909,-0.827107100123734
ofav45912,0.744479281602323
ofav45913,-5.87553075435858
ofav45915,-0.132812294169761
ofav45918,0.409949391261126
ofav45923,-4.1697942626023
ofav45928,1.06690539444922
ofav45930,-0.155561736603138
ofav45931,0.0320774610106522
ofav45932,0.585267404023345
ofav45937,2.28659730683904
ofav45938,-1.32517369448221
ofav45940,0.595477047541258
ofav45946,1.30032374180798
ofav45949,0.473532161396517
ofav45950,-0.358074823369217
ofav45951,-3.19762172398703
ofav45955,0.606942967055295
ofav45956,0.439280062728197
ofav45959,0.0279461165720695
ofav45961,-0.895936869891155
ofav45963,0.58065521472005
ofav45966,-0.677161291599205
ofav45971,1.12497798718618
ofav45973,-1.29117377790988
ofav45974,-2.49975962617363
ofav45975,1.43905595335672
ofav45976,-0.0526301173006918
ofav45981,-1.73664199905536
ofav45982,0.273160913018815
ofav45984,0.100037783663379
ofav45986,0.29004683346259
ofav45987,0.37636201349785
ofav45989,0.442142462200521
ofav45990,-0.0446921913201336
ofav45995,1.97883426698783
ofav45999,-0.0112273922624364
ofav46000,1.49102564542305
ofav46001,0.00818824606196112
ofav46002,1.07753916192211
ofav46003,0.645473337068722
ofav46008,-1.527479000364
ofav46010,-2.32509118039111
ofav46011,-1.3029165988858
ofav46015,-0.00771306024192464
ofav46017,0.855892766617133
ofav46018,-3.46361158993672
ofav46022,-0.592839763540848
ofav46024,-2.10718280270252
ofav46026,2.23989115483042
ofav46028,-0.256343107822598
ofav46032,-1.8793446544582
ofav46036,3.10756442527536
ofav46042,-0.590037798036087
ofav46043,-0.183548122553847
ofav46046,-0.0784887445060874
ofav46052,0.00688477110603107
ofav46055,2.19177491608108
ofav46056,-8.22814824097644
ofav46057,-0.0123851078975608
ofav46058,0.593027562645587
ofav46059,-0.194827663964102
ofav46061,0.827303752347474
ofav46062,-1.54106456522108
ofav46064,0.287500621457348
ofav46065,1.36393826547819
ofav46068,-0.717147011693693
ofav46074,0.959502724027962
ofav46075,0.350785615026419
ofav46079,-0.531552588747937
ofav46081,-0.242415387262463
ofav46082,0.761581949944336
ofav46083,-0.00543234439112798
ofav46084,0.0534692301094323
ofav46091,0.164712664464562
ofav46092,0.0570000397770591
ofav46095,-3.04816949239934
ofav46096,-4.71507064070727
ofav46098,0.67994373671659
ofav46099,-2.74250231253755
ofav46102,-0.0684917919853147
ofav46109,0.893099584174513
ofav46111,-0.252500345996853
ofav46113,-0.0538855558649397
ofav46114,-9.36760364482255
ofav46116,0.155643324381129
ofav46118,0.248489371945931
ofav46121,0.107053940221765
ofav46124,0.0596948618333522
ofav46127,0.742555890830962
ofav46129,0.478997676232364
ofav46131,0.187223355939249
ofav46133,-0.0522788462536332
ofav46139,0.311031538790919
ofav46140,-0.598633355418838
ofav46143,0.607532434486102
ofav46145,-1.08085355930588
ofav46149,-0.312017566455165
ofav46152,-0.156542112365132
ofav46155,0.328520868144081
ofav46156,4.53813526800019
ofav46157,-0.266630294187081
ofav46159,-1.61201285695959
ofav46164,-2.72288065996814
ofav46170,0.31890478251863
ofav46171,2.72613656459133
ofav46172,1.64059064450848
ofav46173,-1.28688435972549
ofav46174,-0.0028785292736329
ofav46175,-0.624944924386196
ofav46180,0.85822247616999
ofav46182,0.403566831566305
ofav46183,-0.0270215744081584
ofav46184,0.213279616052863
ofav46186,0.811774055781628
ofav46187,-0.244498542022437
ofav46191,0.528765713837349
ofav46194,-1.87472134507499
ofav46196,-0.25751889434075
ofav46197,-1.86647167251843
ofav46198,1.20024416902937
ofav46201,0.733658816715847
ofav46202,-0.528469704189435
ofav46206,-0.638653701739212
ofav46208,1.1405312223777
ofav46209,-2.45164862700878
ofav46210,0.235573918686632
ofav46211,-1.43229270057077
ofav46213,1.55681753362962
ofav46214,0.628387463725171
ofav46216,1.36598689638262
ofav46219,0.697414371209976
ofav46220,0.515520674709514
ofav46222,-0.0326476972219458
ofav46225,-3.36551206702552
ofav46229,0.462178553677225
ofav46232,0.272837800966785
ofav46233,0.235222891546007
ofav46234,0.188730085878574
ofav46235,-4.12705407215995
ofav46236,-0.242725026210399
ofav46240,1.30396973297334
ofav46242,0.335206509615932
ofav46244,-1.45465547841108
ofav46246,-1.29288518791981
ofav46248,-3.46135341778706
ofav46251,0.0131032063536057
ofav46252,0.0230769740029855
ofav46253,-0.949319351609453
ofav46254,-0.874933510894198
ofav46256,-2.55036893004146
ofav46257,-0.118105479775309
ofav46258,-6.9918414360173
ofav46259,-3.51693555966749
ofav46260,0.535464342701284
ofav46262,0.564082875043387
ofav46263,1.37907646317444
ofav46267,-8.18012267731027
ofav46270,-1.30270594760421
ofav46272,-0.680006482632616
ofav46273,0.932606560309622
ofav46277,0.0994854080432562
ofav46280,-0.931840068432505
ofav46286,-0.630760015589582
ofav46288,1.86786561098588
ofav46289,1.73833055414565
ofav46290,-1.31714063341668
ofav46296,1.25977312086957
ofav46297,2.60394635474894
ofav46299,0.873659149153013
ofav46301,0.15637665106335
ofav46302,0.648504681448476
ofav46303,-0.864037329264171
ofav46306,1.54629795489585
ofav46307,0.31163872884311
ofav46308,-0.340751544493171
ofav46312,-1.97341286618784
ofav46313,-1.41929325795633
ofav46315,-0.95244590236012
ofav46319,0.190397345062187
ofav46323,1.66974701554707
ofav46324,-1.79935301337339
ofav46325,-1.17247916867702
ofav46327,-0.360659804469954
ofav46328,0.46259414352231
ofav46329,-0.827866063579239
ofav46330,-1.07523639033647
ofav46332,1.01665365903361
ofav46334,1.06426184810883
ofav46335,-2.87843590409872
ofav46337,2.13774929801813
ofav46340,-1.81731812256702
ofav46341,1.95192659858279
ofav46342,0.0757073997906216
ofav46343,-1.55088093757899
ofav46346,0.680878416304663
ofav46348,0.967135580099274
ofav46350,0.895360709326907
ofav46351,-0.559396985049178
ofav46352,0.305058431894014
ofav46354,0.702249437121907
ofav46355,-1.91445531004249
ofav46356,0.445241074007803
ofav46358,0.184413293974152
ofav46359,-3.11840419119079
ofav46360,-1.7449614568722
ofav46364,-1.23412860166087
ofav46366,-0.657951997942405
ofav46369,-0.0423681915630688
ofav46370,-1.37410712139265
ofav46371,-0.140676097796771
ofav46372,-1.04956544441909
ofav46374,-0.129167996133031
ofav46376,0.615100194672281
ofav46378,-1.58855295131421
ofav46381,-1.7750735835345
ofav46383,0.55018253037967
ofav46389,-0.074532816401406
ofav46394,0.0116446053386943
ofav46395,0.270148434772331
ofav46396,-2.17129857548926
ofav46397,0.583636138113061
ofav46398,0.293973053014228
ofav46399,-0.137599523868002
ofav46400,-0.262472569684196
ofav46406,-1.13903745296577
ofav46411,0.0355910748481094
ofav46412,0.102910184264843
ofav46413,0.162001173246256
ofav46414,0.427832751523965
ofav46417,-0.0451952262402195
ofav46418,0.696390926007923
ofav46419,-1.04837857432371
ofav46421,0.661683993793175
ofav46422,-1.41934007498392
ofav46423,1.175071008786
ofav46424,-2.52364177293588
ofav46425,0.195765592289875
ofav46426,0.192723862193429
ofav46428,-1.48048704259038
ofav46431,-0.00918810053908379
ofav46432,-1.12144646447331
ofav46436,2.43481033837983
ofav46437,-0.020599387051627
ofav46438,-0.504099252257569
ofav46439,1.6652135057814
ofav46440,0.77930201113185
ofav46442,-1.50448104366427
ofav46443,-0.793344717029193
ofav46444,2.0254190822
ofav46445,1.08035906713011
ofav46446,0.51703176255373
ofav46447,1.52028994837101
ofav46448,0.0236521391715725
ofav46453,-0.753948714892256
ofav46454,-0.632967853756504
ofav46455,4.1037286500938
ofav46458,0.831634974722973
ofav46463,-0.521538749798622
ofav46465,-0.48883687403387
ofav46467,0.967311872985374
ofav46468,-3.03341693936467
ofav46469,0.0786649640560288
ofav46470,-0.0916947341797591
ofav46473,-0.100443189170459
ofav46476,0.368970284303995
ofav46477,-0.231294704794757
ofav46480,0.842291157596785
ofav46481,-0.238349564670731
ofav46483,0.457654554421166
ofav46484,0.995569963940806
ofav46489,0.113673364015939
ofav46490,-7.696349604453
ofav46493,-1.86427848567705
ofav46494,-2.48259306121902
ofav46495,-1.01278653944755
ofav46498,1.11723331217717
ofav46499,0.173758406175908
ofav46500,0.144860696260587
ofav46501,1.0002755037533
ofav46502,-0.926757056497456
ofav46504,0.872716362297563
ofav46506,0.134169179177286
ofav46507,-0.841386407295124
ofav46512,0.231694350905527
ofav46514,1.95514662261739
ofav46515,-0.216019485621954
ofav46517,-1.23893329273204
ofav46518,-0.392537441271254
ofav46523,-0.230239337786828
ofav46524,-0.331187687930619
ofav46526,-0.955650835506375
ofav46527,0.354024312587211
ofav46529,0.62529980019803
ofav46530,-0.541059518294968
ofav46531,-2.80443881733511
ofav46534,-1.29468087900573
ofav46539,-0.556768297511013
ofav46541,-0.463196656666347
ofav46542,-0.679315591915388
ofav46544,1.02169325476557
ofav46546,-0.884350733083504
ofav46549,-5.70677146252459
ofav46551,3.15539496303722
ofav46553,1.62957515785763
ofav46555,-1.48229546212605
ofav46557,2.17280677269235
ofav46558,-0.073339941387981
ofav46559,-1.93391349464772
ofav46560,-2.82058042681827
ofav46562,-0.616335051936257
ofav46563,-6.30566403363426
ofav46567,0.739194628516293
ofav46570,1.24206864315718
ofav46572,-0.746242919171924
ofav46573,-0.326716617268827
ofav46574,-0.0884682495298086
ofav46575,0.25546597990965
ofav46576,-1.06364883279265
ofav46577,-0.00559749628338774
ofav46578,-1.5526682022933
ofav46579,2.09022662759543
ofav46580,-0.0988671660854873
ofav46584,2.25200602274154
ofav46589,-0.481559349537132
ofav46590,-1.26905571781096
ofav46591,-1.10456467708453
ofav46592,-2.5603431837845
ofav46593,-1.77095572415238
ofav46595,1.418369682706
ofav46596,0.117068584391159
ofav46598,-0.505165687855394
ofav46599,-0.0633178442493154
ofav46601,-1.81379300120248
ofav46604,0.544625844635503
ofav46607,-0.178834327932697
ofav46608,-0.149938682252752
ofav46609,0.0283901423187976
ofav46611,-0.839785770379366
ofav46616,-0.433778262907397
ofav46618,0.304306972269505
ofav46619,-7.0912000991592
ofav46621,-0.310509518471308
ofav46624,2.7241674178892
ofav46626,1.6146086536551
ofav46627,-0.737684595425172
ofav46629,-1.63895985062309
ofav46630,-0.162863330111673
ofav46631,0.415722346064189
ofav46632,1.72144153938049
ofav46635,-0.965790023188523
ofav46636,0.039239309983558
ofav46638,0.199362719254881
ofav46640,0.140219938798297
ofav46641,-5.90425554378424
ofav46644,-0.0988771877046237
ofav46647,-0.975961205849787
ofav46652,1.11154113519695
ofav46654,-0.525086074808304
ofav46657,0.261748418066285
ofav46659,0.858458096519926
ofav46661,0.75841927628847
ofav46663,1.66276629437326
ofav46666,0.489296055559957
ofav46667,1.25072824887175
ofav46672,-0.531819109309751
ofav46674,0.482240785809027
ofav46677,-0.0989626471607034
ofav46678,-3.85144401274421
ofav46680,1.10263656283843
ofav46682,0.626327853068746
ofav46683,-1.01173275815195
ofav46684,1.35297180008383
ofav46686,2.25552724744328
ofav46687,1.02204948482608
ofav46688,0.917929133039623
ofav46689,-1.46147709502016
ofav46691,0.170560909520435
ofav46692,0.674896071428398
ofav46693,-0.683081266263046
ofav46694,1.6730900307453
ofav46695,1.12389889901644
ofav46696,0.230042349669985
ofav46698,-10.3862358957997
ofav46699,1.34964337986894
ofav46702,-2.45127961402137
ofav46703,-0.680323902092256
ofav46705,-0.130565993157056
ofav46706,-0.497684691029318
ofav46709,0.962627183342531
ofav46711,1.58674603493076
ofav46712,0.815746602379966
ofav46713,0.509529482876981
ofav46714,-1.30849508716187
ofav46720,-0.000507502135585316
ofav46725,-5.21815713905777
ofav46726,0.00956433137445035
ofav46727,-2.77822125231047
ofav46728,-0.465232059255156
ofav46730,-2.04644837216685
ofav46734,-0.0651490406040366
ofav46736,2.7441732245067
ofav46740,-12.677011192647
ofav46743,-8.70871804024549
ofav46744,-2.27602968205749
ofav46745,-5.95373582675645
ofav46746,-0.734813962409889
ofav46747,-0.442369490306727
ofav46748,0.889616863764576
ofav46749,0.313436030346815
ofav46750,-0.168735814048967
ofav46751,-1.00053132803927
ofav46752,1.63125003315078
ofav46757,-0.955824598297953
ofav46758,0.41203991124418
ofav46759,0.558039788787478
ofav46761,-0.427181831127843
ofav46762,-1.40087094430019
ofav46764,-1.71086426704147
ofav46765,-1.51176541341478
ofav46766,-3.22911753705142
ofav46767,-1.39630748527336
ofav46769,-2.92690662383338
ofav46772,0.446198329987627
ofav46773,-5.46799287182493
ofav46774,-0.360515873326969
ofav46775,0.317914349769444
ofav46777,-1.08181604932634
ofav46778,-0.561453619753886
ofav46779,0.888672600954404
ofav46780,-1.1763577560357
ofav46781,-1.92286620000767
ofav46783,-0.431886444402387
ofav46784,0.805187713203492
ofav46786,0.938880323070913
ofav46787,0.198932952576681
ofav46788,0.169069986042384
ofav46789,1.30376077261503
ofav46793,0.713326960742141
ofav46794,0.362297103324781
ofav46795,-0.556940975859539
ofav46796,-0.218947081035398
ofav46798,1.06129485246685
ofav46801,-0.0755932997071965
ofav46802,-0.7163129277888
ofav46803,-0.536961301821794
ofav46805,-0.185984742043896
ofav46807,0.837850460925058
ofav46808,-1.00924904992333
ofav46813,0.570459090624222
ofav46816,-1.41883980193411
ofav46819,1.4627529738246
ofav46820,-4.35441571870529
ofav46823,-2.2156404225051
ofav46825,1.02280214389095
ofav46826,-1.33838737612812
ofav46827,0.968241709232308
ofav46828,-1.75166905373219
ofav46829,0.516353978863558
ofav46830,0.549837899562097
ofav46833,-4.35546914392322
ofav46835,-0.705050708991945
ofav46836,-0.0121796549204274
ofav46837,-2.76186913155777
ofav46842,1.82495801134891
ofav46843,-0.0389268774903083
ofav46864,-0.0545856530890053
ofav46870,0.0622591635040992
ofav46873,0.319192788392693
ofav46883,1.60410791739555
ofav46888,0.222023124681072
ofav46897,0.364812262543029
ofav46926,2.34765874150478
ofav46945,-0.761729852041113
ofav47003,0.84062364306899
ofav47045,1.18032655247056
ofav47095,-0.512694578259236
ofav47267,0.786696713583108
ofav47321,0.41121365562664
ofav47344,0.604865975659667
ofav47392,-0.431678223103095
ofav47576,0.579680783163573
ofav47733,-4.56649473522739
ofav48197,-0.32834171503534
ofav48516,0.657243128292147
ofav48718,-2.91307109786998
ofav48742,-3.19591392126054
ofav48900,0.413005401894203
ofav49066,-1.81055520675498
ofav49111,0.710128150336301
ofav49113,-1.40091785583391
ofav4914,-2.64882856547206
ofav49169,0.381583721317249
ofav49298,1.03097806321085
ofav4947,1.80287604188253
ofav49505,0.109791559717356
ofav49538,-0.561772247155923
ofav49558,-2.80318521188529
ofav49575,-0.649222007038172
ofav49612,-1.01841016841476
ofav49632,-1.86754733222269
ofav4983,0.360098255523225
ofav50307,-0.930981570927665
ofav5032,-0.704251390081251
ofav50342,-0.0853344681204731
ofav50366,0.735734697639958
ofav50409,-2.1046478584484
ofav50422,0.0401439121102639
ofav50480,-0.884500778768396
ofav50521,-0.452374837167967
ofav50572,-1.0431020278459
ofav50667,-0.145108462860613
ofav50721,0.738190631088066
ofav50889,-0.305472585420889
ofav51031,-2.82116391000364
ofav51058,0.145365908227952
ofav51138,-1.03731688801233
ofav51202,0.633011708098471
ofav51280,-0.58480082156275
ofav513,5.67304957952995
ofav51323,-0.0733779714815761
ofav51391,-2.39460686456788
ofav51464,-0.6735133637786
ofav51490,-1.03742191540417
ofav51709,-1.07059974559999
ofav51752,-4.67198263545224
ofav51934,-0.373955502174843
ofav51995,0.402371510875642
ofav52010,-0.0486559765876113
ofav52072,1.72608743254038
ofav52117,-0.432251163927968
ofav5222,-1.13607493732431
ofav52284,0.940013206924907
ofav52488,-6.68436588169237
ofav52592,-2.45846836089346
ofav52611,-3.31154112085151
ofav52719,-0.279413043224308
ofav52763,0.00500569403016132
ofav52991,-0.742151867955656
ofav53143,0.036911848823287
ofav53155,1.65304604388126
ofav53167,-0.861997877930427
ofav53230,-0.876562503064881
ofav53246,-2.79274163165815
ofav53271,-3.39091219629432
ofav53315,-0.849071835562473
ofav53465,-0.938925994307742
ofav53699,1.88593673385895
ofav53748,-1.14448097916298
ofav53750,-1.98350514908725
ofav53942,-1.12165198486569
ofav54150,-4.37868181632028
ofav5422,1.18034004348391
ofav54458,-1.90738817711973
ofav54538,-0.189826548486897
ofav54692,-0.934253361848138
ofav5502,-0.58292127017079
ofav5515,2.23608883057701
ofav55153,0.201245306763716
ofav55165,-1.24067081644421
ofav55309,-4.35106116526228
ofav5562,-2.1442389432892
ofav55782,-0.155179182516632
ofav55800,1.6486188198796
ofav55968,0.682939640104177
ofav56060,2.1255354868213
ofav56094,2.59747610383167
ofav5610,1.06997568862324
ofav5618,-2.43761221105901
ofav56189,1.33162620390861
ofav5633,-0.739912945075109
ofav56359,-1.82143764291731
ofav56411,-1.57371992311797
ofav56420,-1.4165664267704
ofav5646,2.0476011495636
ofav56563,-1.59523687632195
ofav56673,-0.229770179136692
ofav56719,-0.278640829463293
ofav56802,-1.13671457031027
ofav5684,-0.34342702967348
ofav56860,-0.902406729854838
ofav56883,-0.281281321804263
ofav56925,-2.94497723629309
ofav56940,-1.49779505549473
ofav56961,-0.909068306375344
ofav56970,0.737312546387576
ofav57170,-2.20409394600161
ofav5753,-0.110129934505767
ofav57553,0.0697767926043752
ofav57604,-0.901205201941357
ofav5763,-1.37535590843541
ofav57725,-0.671775817976974
ofav57802,-0.794677775742764
ofav57868,2.17644916483753
ofav57878,-4.33473294330137
ofav5799,-0.218733524365327
ofav58053,3.38286811183841
ofav58074,-0.0248784225388552
ofav58109,-0.560390842008188
ofav58119,0.0441487683242367
ofav58212,-0.750109817964139
ofav5839,-1.82712247334588
ofav58538,0.0465491004818741
ofav58565,-0.674198298401047
ofav58644,-2.63839436616779
ofav58646,-2.46135544960635
ofav58667,1.48187484584037
ofav58723,3.85051510682177
ofav58747,-4.01617827475171
ofav58839,2.45419213861119
ofav58874,0.0853783335891023
ofav58943,-2.40797876545088
ofav59118,-1.31790422600411
ofav5932,-2.00036990408054
ofav59342,-2.83513254467712
ofav59366,-1.3147846470539
ofav59494,0.748179513442343
ofav59495,0.291025684395619
ofav59821,-5.00267863996762
ofav59867,-1.46738866643492
ofav60002,-3.2006191206942
ofav60153,-0.0562336255268758
ofav60333,0.567787135371335
ofav60351,-1.74977991332532
ofav60752,2.79227375754332
ofav60757,-2.41630586001958
ofav60788,-5.25329939763448
ofav60944,-0.664728176958126
ofav60997,-0.0387406830412187
ofav6103,-0.947528780056382
ofav6128,0.443500588427716
ofav61310,-1.42083045886441
ofav61511,-3.86689622812082
ofav61578,-0.764576294140007
ofav6206,-1.99503769652239
ofav6208,-2.68373281224027
ofav62196,1.10537080992821
ofav62270,-3.72793413180093
ofav62328,0.33732893520123
ofav62432,-4.63249180139155
ofav6260,0.596671207929715
ofav62665,-4.65742650322596
ofav6273,0.401768986964358
ofav6298,-2.26982888341763
ofav6302,-0.214815730758857
ofav63108,0.162137985474763
ofav6311,0.00699735646684242
ofav6316,0.214584314003457
ofav63179,0.174778642875612
ofav63292,0.18102472598482
ofav6331,0.930813880148614
ofav63758,0.97482750365565
ofav63761,-1.94144247557416
ofav63779,-2.72420487692628
ofav63906,-0.593734684491815
ofav6391,-1.21357199769796
ofav63992,0.447397909097983
ofav6410,-0.642045046738435
ofav6413,-0.217756584698421
ofav6414,1.10717970575355
ofav64254,-2.41537260369039
ofav64325,-0.667591392944793
ofav6443,-1.31814083052
ofav6448,-0.765595200048177
ofav64548,-1.96776143927321
ofav64762,-2.36425358681231
ofav64846,-0.994695469252704
ofav64880,-0.241254878935913
ofav64907,-0.681666193173335
ofav64908,-3.22180495157234
ofav64997,-2.13653626013328
ofav6502,0.468606863594446
ofav65185,-1.36054319113141
ofav65261,1.68131531487449
ofav65519,-3.26859201984472
ofav65539,-4.07617472109035
ofav65583,-1.65780208043651
ofav6566,-1.90812695522614
ofav65669,1.70861377109919
ofav65713,-3.70807162402988
ofav65759,-2.40058099973779
ofav6579,0.833291492742629
ofav65826,1.64236511107398
ofav65951,0.0308144244063409
ofav6606,-0.271489292939024
ofav66218,-1.03927028442062
ofav66245,-1.98480434347836
ofav66348,-0.25774406502505
ofav66373,-2.65896025196568
ofav66494,0.214124216394316
ofav66615,-0.041077913243677
ofav66654,-0.273062137693704
ofav66670,-0.522139947944038
ofav6668,-1.08364256799085
ofav66751,-2.54418229452137
ofav66825,-5.99907072305991
ofav6688,-2.64352357663021
ofav6723,2.16586737365675
ofav6730,1.05477533093378
ofav6787,-10.5777730939602
ofav67889,-0.732664824906239
ofav67959,-0.702736072287216
ofav68267,-0.192163059298403
ofav6829,-0.771638399674287
ofav6837,-1.29629854197344
ofav68427,-0.127544353693048
ofav68562,-0.262043210668258
ofav68616,-4.29515656171413
ofav68621,-0.715812724723132
ofav68645,-0.988180360218045
ofav68686,-1.61177446788757
ofav69076,0.135308585248114
ofav69205,-0.313938077191129
ofav6930,-2.15395677782639
ofav69712,-2.30365002759449
ofav6973,-2.11956946425078
ofav70076,-2.66068204367665
ofav70160,-1.23055838162634
ofav7021,0.912904527578548
ofav7030,-2.4264826848075
ofav7051,-0.140404938688063
ofav70708,-1.28412160715519
ofav71036,-0.152882902400933
ofav71104,0.0436014809969081
ofav71328,-0.128986700732217
ofav71399,-4.5909233328558
ofav7169,0.239618246871962
ofav71846,-1.76507619263262
ofav7187,-4.116317771424
ofav71885,-0.844740756729176
ofav7194,-0.10519971579437
ofav71947,1.07568202809002
ofav71953,-5.00041746581903
ofav72437,-0.193978466246423
ofav72514,-3.95998325377799
ofav7294,-0.220044249428069
ofav73230,-0.911386404646819
ofav73260,-0.431247067465713
ofav73392,-1.36748270032339
ofav73824,-0.0575007623623834
ofav73950,2.4227832324318
ofav73968,1.39612095392179
ofav73996,-1.90567770708184
ofav7401,2.45706626932153
ofav74136,0.159991181067572
ofav74194,-0.349892444761477
ofav74409,-5.03163689600252
ofav7446,0.340327178829108
ofav74704,-9.41924692239809
ofav74850,-2.03378446337196
ofav74932,-0.0859505331391063
ofav75202,-2.04403994118502
ofav75228,-1.57176598809331
ofav7526,0.729736634660833
ofav7545,-4.15899731412161
ofav75934,-1.99603807835548
ofav76029,-1.55173088758905
ofav7622,-0.963018021694237
ofav76339,-4.11324675124895
ofav76622,-5.2106149254317
ofav76868,-0.951355823840052
ofav77128,-1.91840750122982
ofav77200,-5.14678659611168
ofav77298,-1.56006404999959
ofav77343,0.239037387084668
ofav7735,0.951148448776658
ofav77883,-1.68585019074269
ofav7816,-0.189259944250996
ofav78184,-5.18748830933292
ofav7819,-0.448191877203966
ofav78350,-2.74553606654646
ofav78640,-0.49418989098905
ofav78875,0.37746114634019
ofav78893,-6.23491503742688
ofav7896,0.488588293686709
ofav79020,-0.601347435555348
ofav7911,0.329689004062573
ofav7937,1.76925103442968
ofav79923,-1.67985009592367
ofav8020,-0.774106442425378
ofav80330,0.633617986304549
ofav80673,-5.29551139702604
ofav81238,-2.73854622944092
ofav81860,-0.502567548513204
ofav8209,-2.57895291470823
ofav82133,-4.20550831799946
ofav8258,-2.74619763718034
ofav82654,-2.72067466650541
ofav83671,-1.48916798658355
ofav83834,1.73910950967763
ofav8401,0.444410135715611
ofav84864,-3.30195261006112
ofav84922,-1.62201214828445
ofav8585,0.628696660901731
ofav85904,-2.09188920464924
ofav8621,-0.834393449078805
ofav8635,0.221738008735003
ofav86429,-3.93951580078593
ofav8805,-0.35858268701149
ofav8810,-2.1798230567951
ofav8811,-0.456352416384339
ofav88224,-0.137501997959252
ofav88880,-0.300229420398112
ofav8906,0.106829848513532
ofav89376,0.497018291417256
ofav89529,-0.0600020642421134
ofav8969,2.49948973277616
ofav90144,-0.505900956300543
ofav90566,-0.270472472060947
ofav9096,-0.195835675386731
ofav9102,0.19466235356461
ofav9110,-0.427767266208319
ofav9118,-0.707504557334534
ofav9153,-0.608828254704055
ofav91554,-1.44191613944343
ofav92248,0.206058423008514
ofav92382,-1.78965702868824
ofav9242,0.0762805532595145
ofav92628,-4.06863897346127
ofav9314,2.23914017310919
ofav93223,-2.09282140798526
ofav93783,-1.28495113166336
ofav9450,-1.3739285062102
ofav94589,-0.495442526174337
ofav9488,-0.024376510240131
ofav9591,-1.89636619748234
ofav96658,-1.46575001763524
ofav9725,-3.11475437702448
ofav97338,0.115764793418339
ofav97559,0.0559975451210462
ofav9766,-1.74138707052405
ofav9792,-0.20120787588962
ofav9840,-0.638072895445608
ofav9850,0.47096173396337
ofav9992,-2.83919761921828
